Customer_ID,Recency,Frequency,Monetary,R_Score,F_Score,M_Score,RFM_Score,Customer_Segment
CUST_00001,112,3,2199.63,2,2,2,6,Potential Loyalists
CUST_00002,284,2,809.9000000000001,1,1,1,3,Needs Attention
CUST_00003,83,2,3030.81,3,1,3,7,Potential Loyalists
CUST_00004,42,1,383.22,3,1,1,5,At Risk
CUST_00005,279,3,2422.73,1,2,2,5,At Risk
CUST_00006,212,3,1245.83,1,2,2,5,At Risk
CUST_00007,81,1,1331.55,3,1,2,6,Potential Loyalists
CUST_00008,169,3,5602.29,2,2,3,7,Potential Loyalists
CUST_00009,39,1,470.86,4,1,1,6,Potential Loyalists
CUST_00010,22,3,1421.16,4,2,2,8,Loyal Customers
CUST_00011,12,7,6328.45,4,4,4,12,Champions
CUST_00012,53,1,794.4,3,1,1,5,At Risk
CUST_00013,30,2,667.97,4,1,1,6,Potential Loyalists
CUST_00014,170,3,550.5600000000001,2,2,1,5,At Risk
CUST_00015,163,4,17407.51,2,3,4,9,Loyal Customers
CUST_00016,53,10,7775.48,3,4,4,11,Champions
CUST_00017,181,1,903.51,2,1,2,5,At Risk
CUST_00018,8,4,3145.06,4,3,3,10,Champions
CUST_00019,27,1,673.1,4,1,1,6,Potential Loyalists
CUST_00020,50,2,2577.16,3,1,3,7,Potential Loyalists
CUST_00021,8,3,5200.38,4,2,3,9,Loyal Customers
CUST_00022,65,4,933.56,3,3,2,8,Loyal Customers
CUST_00023,103,1,105.55,2,1,1,4,At Risk
CUST_00024,344,2,333.99,1,1,1,3,Needs Attention
CUST_00025,268,2,1061.66,1,1,2,4,At Risk
CUST_00026,276,2,790.61,1,1,1,3,Needs Attention
CUST_00027,30,4,2577.6099999999997,4,3,3,10,Champions
CUST_00028,128,2,865.42,2,1,1,4,At Risk
CUST_00029,1,8,15296.52,4,4,4,12,Champions
CUST_00030,47,7,19332.920000000002,3,4,4,11,Champions
CUST_00031,17,3,514.58,4,2,1,7,Potential Loyalists
CUST_00032,221,1,45.36,1,1,1,3,Needs Attention
CUST_00033,139,2,415.38,2,1,1,4,At Risk
CUST_00034,369,2,6302.3,1,1,4,6,Potential Loyalists
CUST_00035,17,2,221.73000000000002,4,1,1,6,Potential Loyalists
CUST_00036,149,3,373.63,2,2,1,5,At Risk
CUST_00037,88,1,3599.4,3,1,3,7,Potential Loyalists
CUST_00038,43,3,1130.59,3,2,2,7,Potential Loyalists
CUST_00039,110,3,3282.2999999999997,2,2,3,7,Potential Loyalists
CUST_00040,60,3,2875.36,3,2,3,8,Loyal Customers
CUST_00041,16,4,5685.5599999999995,4,3,3,10,Champions
CUST_00042,207,2,3605.71,1,1,3,5,At Risk
CUST_00043,114,2,1279.8000000000002,2,1,2,5,At Risk
CUST_00044,60,2,391.98,3,1,1,5,At Risk
CUST_00045,75,3,7551.92,3,2,4,9,Loyal Customers
CUST_00046,90,2,1887.29,3,1,2,6,Potential Loyalists
CUST_00047,18,2,2974.21,4,1,3,8,Loyal Customers
CUST_00048,53,4,4436.29,3,3,3,9,Loyal Customers
CUST_00049,134,3,702.35,2,2,1,5,At Risk
CUST_00050,12,1,247.4,4,1,1,6,Potential Loyalists
CUST_00051,27,2,338.21999999999997,4,1,1,6,Potential Loyalists
CUST_00052,11,4,6802.75,4,3,4,11,Champions
CUST_00053,23,1,208.84,4,1,1,6,Potential Loyalists
CUST_00054,215,1,529.46,1,1,1,3,Needs Attention
CUST_00055,11,3,774.3199999999999,4,2,1,7,Potential Loyalists
CUST_00056,32,5,5841.23,4,3,4,11,Champions
CUST_00057,88,4,1515.3899999999999,3,3,2,8,Loyal Customers
CUST_00058,60,6,4964.26,3,4,3,10,Champions
CUST_00059,31,4,3890.71,4,3,3,10,Champions
CUST_00060,219,1,1172.8,1,1,2,4,At Risk
CUST_00061,44,3,1242.8,3,2,2,7,Potential Loyalists
CUST_00062,94,4,5638.85,3,3,3,9,Loyal Customers
CUST_00063,26,3,2960.14,4,2,3,9,Loyal Customers
CUST_00064,49,1,732.09,3,1,1,5,At Risk
CUST_00065,16,2,2971.2200000000003,4,1,3,8,Loyal Customers
CUST_00066,191,1,3552.78,1,1,3,5,At Risk
CUST_00067,64,5,1488.3700000000001,3,3,2,8,Loyal Customers
CUST_00068,48,1,122.67,3,1,1,5,At Risk
CUST_00069,172,2,2560.76,2,1,3,6,Potential Loyalists
CUST_00070,145,3,1276.27,2,2,2,6,Potential Loyalists
CUST_00071,60,4,2052.29,3,3,2,8,Loyal Customers
CUST_00072,31,7,5370.1,4,4,3,11,Champions
CUST_00073,241,1,224.75,1,1,1,3,Needs Attention
CUST_00074,50,7,9628.380000000001,3,4,4,11,Champions
CUST_00075,132,3,9552.539999999999,2,2,4,8,Loyal Customers
CUST_00076,45,5,21055.71,3,3,4,10,Champions
CUST_00077,9,4,1282.79,4,3,2,9,Loyal Customers
CUST_00078,204,3,299.29,1,2,1,4,At Risk
CUST_00079,221,3,2644.09,1,2,3,6,Potential Loyalists
CUST_00080,139,5,703.8,2,3,1,6,Potential Loyalists
CUST_00081,145,1,1985.21,2,1,2,5,At Risk
CUST_00082,97,5,3602.9900000000002,2,3,3,8,Loyal Customers
CUST_00083,167,1,510.39,2,1,1,4,At Risk
CUST_00084,86,6,2703.68,3,4,3,10,Champions
CUST_00085,197,2,933.0300000000001,1,1,2,4,At Risk
CUST_00086,370,2,2238.3,1,1,2,4,At Risk
CUST_00087,154,5,1283.77,2,3,2,7,Potential Loyalists
CUST_00088,86,5,1563.12,3,3,2,8,Loyal Customers
CUST_00089,87,9,14986.29,3,4,4,11,Champions
CUST_00090,163,4,3776.86,2,3,3,8,Loyal Customers
CUST_00091,147,4,582.1700000000001,2,3,1,6,Potential Loyalists
CUST_00092,16,10,8608.02,4,4,4,12,Champions
CUST_00093,136,2,6583.81,2,1,4,7,Potential Loyalists
CUST_00094,225,1,426.73,1,1,1,3,Needs Attention
CUST_00095,191,3,593.19,1,2,1,4,At Risk
CUST_00096,8,3,467.69,4,2,1,7,Potential Loyalists
CUST_00097,39,1,481.84,4,1,1,6,Potential Loyalists
CUST_00098,101,2,2463.56,2,1,2,5,At Risk
CUST_00099,32,4,18407.65,4,3,4,11,Champions
CUST_00100,86,1,405.46,3,1,1,5,At Risk
CUST_00101,133,5,14130.9,2,3,4,9,Loyal Customers
CUST_00102,94,3,3300.2200000000003,3,2,3,8,Loyal Customers
CUST_00103,116,5,3956.62,2,3,3,8,Loyal Customers
CUST_00104,36,6,2906.6,4,4,3,11,Champions
CUST_00105,46,2,1380.1000000000001,3,1,2,6,Potential Loyalists
CUST_00106,17,3,9962.97,4,2,4,10,Champions
CUST_00107,251,3,3083.11,1,2,3,6,Potential Loyalists
CUST_00108,44,2,9111.15,3,1,4,8,Loyal Customers
CUST_00109,48,6,2921.8199999999997,3,4,3,10,Champions
CUST_00110,243,2,562.8,1,1,1,3,Needs Attention
CUST_00111,99,5,5355.2300000000005,2,3,3,8,Loyal Customers
CUST_00112,9,5,5338.15,4,3,3,10,Champions
CUST_00113,66,3,6708.43,3,2,4,9,Loyal Customers
CUST_00114,96,2,226.3,2,1,1,4,At Risk
CUST_00115,57,5,5358.67,3,3,3,9,Loyal Customers
CUST_00116,196,2,396.59,1,1,1,3,Needs Attention
CUST_00117,408,2,1997.66,1,1,2,4,At Risk
CUST_00118,196,2,1258.27,1,1,2,4,At Risk
CUST_00119,163,2,822.8799999999999,2,1,1,4,At Risk
CUST_00120,59,2,1048.33,3,1,2,6,Potential Loyalists
CUST_00121,156,2,1275.3999999999999,2,1,2,5,At Risk
CUST_00122,80,2,5916.799999999999,3,1,4,8,Loyal Customers
CUST_00123,79,1,119.1,3,1,1,5,At Risk
CUST_00124,96,3,1334.43,2,2,2,6,Potential Loyalists
CUST_00125,1,6,5482.3099999999995,4,4,3,11,Champions
CUST_00126,184,3,5796.18,2,2,3,7,Potential Loyalists
CUST_00127,194,2,6812.73,1,1,4,6,Potential Loyalists
CUST_00128,27,3,1894.3600000000001,4,2,2,8,Loyal Customers
CUST_00129,133,4,4425.11,2,3,3,8,Loyal Customers
CUST_00130,183,5,1415.34,2,3,2,7,Potential Loyalists
CUST_00131,32,4,1450.0500000000002,4,3,2,9,Loyal Customers
CUST_00132,93,1,401.74,3,1,1,5,At Risk
CUST_00133,66,4,3183.6200000000003,3,3,3,9,Loyal Customers
CUST_00134,130,2,330.47,2,1,1,4,At Risk
CUST_00135,85,4,1205.28,3,3,2,8,Loyal Customers
CUST_00136,21,7,27744.81,4,4,4,12,Champions
CUST_00137,103,5,7847.549999999999,2,3,4,9,Loyal Customers
CUST_00138,303,2,5038.3,1,1,3,5,At Risk
CUST_00139,13,3,2415.02,4,2,2,8,Loyal Customers
CUST_00140,76,5,4127.54,3,3,3,9,Loyal Customers
CUST_00141,31,3,692.77,4,2,1,7,Potential Loyalists
CUST_00142,103,6,4468.86,2,4,3,9,Loyal Customers
CUST_00143,169,4,6306.07,2,3,4,9,Loyal Customers
CUST_00144,113,2,5798.76,2,1,4,7,Potential Loyalists
CUST_00145,10,6,4239.0,4,4,3,11,Champions
CUST_00146,151,3,4920.679999999999,2,2,3,7,Potential Loyalists
CUST_00147,50,3,2613.37,3,2,3,8,Loyal Customers
CUST_00148,39,3,4689.19,4,2,3,9,Loyal Customers
CUST_00149,21,2,4978.3,4,1,3,8,Loyal Customers
CUST_00150,2,2,2227.61,4,1,2,7,Potential Loyalists
CUST_00151,60,3,12397.1,3,2,4,9,Loyal Customers
CUST_00152,63,7,3955.98,3,4,3,10,Champions
CUST_00153,6,5,4193.99,4,3,3,10,Champions
CUST_00154,31,10,41613.83,4,4,4,12,Champions
CUST_00155,111,5,10313.310000000001,2,3,4,9,Loyal Customers
CUST_00156,193,2,1687.83,1,1,2,4,At Risk
CUST_00157,273,3,2816.84,1,2,3,6,Potential Loyalists
CUST_00158,55,8,8416.01,3,4,4,11,Champions
CUST_00159,281,1,2443.68,1,1,2,4,At Risk
CUST_00160,160,1,11182.48,2,1,4,7,Potential Loyalists
CUST_00161,81,4,793.8000000000001,3,3,1,7,Potential Loyalists
CUST_00162,250,1,237.6,1,1,1,3,Needs Attention
CUST_00163,328,2,5341.99,1,1,3,5,At Risk
CUST_00164,187,2,394.59999999999997,1,1,1,3,Needs Attention
CUST_00165,114,2,6117.8099999999995,2,1,4,7,Potential Loyalists
CUST_00166,212,3,1549.54,1,2,2,5,At Risk
CUST_00167,137,9,11605.460000000001,2,4,4,10,Champions
CUST_00168,162,7,8067.05,2,4,4,10,Champions
CUST_00169,67,2,214.62,3,1,1,5,At Risk
CUST_00170,124,2,1897.07,2,1,2,5,At Risk
CUST_00171,112,2,585.45,2,1,1,4,At Risk
CUST_00172,36,5,1556.11,4,3,2,9,Loyal Customers
CUST_00173,43,3,672.02,3,2,1,6,Potential Loyalists
CUST_00174,246,4,20734.25,1,3,4,8,Loyal Customers
CUST_00175,2,4,6394.780000000001,4,3,4,11,Champions
CUST_00176,377,1,1207.95,1,1,2,4,At Risk
CUST_00177,314,2,1353.74,1,1,2,4,At Risk
CUST_00178,200,6,18129.14,1,4,4,9,Loyal Customers
CUST_00179,206,1,94.26,1,1,1,3,Needs Attention
CUST_00180,6,4,1081.19,4,3,2,9,Loyal Customers
CUST_00181,6,7,3503.51,4,4,3,11,Champions
CUST_00182,9,4,4957.13,4,3,3,10,Champions
CUST_00183,111,7,5201.82,2,4,3,9,Loyal Customers
CUST_00184,90,2,224.32,3,1,1,5,At Risk
CUST_00185,136,1,3413.36,2,1,3,6,Potential Loyalists
CUST_00186,121,3,869.0,2,2,1,5,At Risk
CUST_00187,284,2,2598.7200000000003,1,1,3,5,At Risk
CUST_00188,130,1,81.09,2,1,1,4,At Risk
CUST_00189,37,9,14335.39,4,4,4,12,Champions
CUST_00190,217,3,13061.51,1,2,4,7,Potential Loyalists
CUST_00191,86,2,3211.2200000000003,3,1,3,7,Potential Loyalists
CUST_00192,257,1,90.92,1,1,1,3,Needs Attention
CUST_00193,35,4,2969.69,4,3,3,10,Champions
CUST_00194,27,2,985.1400000000001,4,1,2,7,Potential Loyalists
CUST_00195,173,3,4017.48,2,2,3,7,Potential Loyalists
CUST_00196,17,3,10132.67,4,2,4,10,Champions
CUST_00197,73,10,47324.23,3,4,4,11,Champions
CUST_00198,24,4,4623.04,4,3,3,10,Champions
CUST_00199,155,4,6738.69,2,3,4,9,Loyal Customers
CUST_00200,17,6,5927.53,4,4,4,12,Champions
CUST_00201,363,1,103.56,1,1,1,3,Needs Attention
CUST_00202,430,1,131.92,1,1,1,3,Needs Attention
CUST_00203,97,4,961.24,2,3,2,7,Potential Loyalists
CUST_00204,75,3,2324.31,3,2,2,7,Potential Loyalists
CUST_00205,13,7,4079.13,4,4,3,11,Champions
CUST_00206,379,2,3340.6099999999997,1,1,3,5,At Risk
CUST_00207,15,2,685.31,4,1,1,6,Potential Loyalists
CUST_00208,351,1,2215.8,1,1,2,4,At Risk
CUST_00209,181,3,990.95,2,2,2,6,Potential Loyalists
CUST_00210,13,6,11821.51,4,4,4,12,Champions
CUST_00211,43,4,794.12,3,3,1,7,Potential Loyalists
CUST_00212,56,6,14783.85,3,4,4,11,Champions
CUST_00213,371,2,776.3599999999999,1,1,1,3,Needs Attention
CUST_00214,161,3,2156.65,2,2,2,6,Potential Loyalists
CUST_00215,27,3,3373.4500000000003,4,2,3,9,Loyal Customers
CUST_00216,256,5,7822.99,1,3,4,8,Loyal Customers
CUST_00217,246,1,86.62,1,1,1,3,Needs Attention
CUST_00218,62,3,5745.79,3,2,3,8,Loyal Customers
CUST_00219,205,2,894.11,1,1,2,4,At Risk
CUST_00220,24,3,2958.81,4,2,3,9,Loyal Customers
CUST_00221,74,3,1595.11,3,2,2,7,Potential Loyalists
CUST_00222,177,4,1203.7,2,3,2,7,Potential Loyalists
CUST_00223,374,2,3880.27,1,1,3,5,At Risk
CUST_00224,90,3,3107.41,3,2,3,8,Loyal Customers
CUST_00225,19,3,7058.01,4,2,4,10,Champions
CUST_00226,83,1,168.0,3,1,1,5,At Risk
CUST_00227,204,1,30.5,1,1,1,3,Needs Attention
CUST_00228,130,3,534.81,2,2,1,5,At Risk
CUST_00229,20,5,5361.07,4,3,3,10,Champions
CUST_00230,2,2,232.82,4,1,1,6,Potential Loyalists
CUST_00231,3,4,5517.289999999999,4,3,3,10,Champions
CUST_00232,69,1,426.24,3,1,1,5,At Risk
CUST_00233,271,1,434.34,1,1,1,3,Needs Attention
CUST_00234,37,4,5509.29,4,3,3,10,Champions
CUST_00235,331,1,287.72,1,1,1,3,Needs Attention
CUST_00236,7,2,6898.39,4,1,4,9,Loyal Customers
CUST_00237,52,3,356.31,3,2,1,6,Potential Loyalists
CUST_00238,93,8,12917.61,3,4,4,11,Champions
CUST_00239,65,3,1649.18,3,2,2,7,Potential Loyalists
CUST_00240,184,2,2792.2200000000003,2,1,3,6,Potential Loyalists
CUST_00241,129,10,15101.949999999999,2,4,4,10,Champions
CUST_00242,57,8,22668.920000000002,3,4,4,11,Champions
CUST_00243,63,2,890.73,3,1,2,6,Potential Loyalists
CUST_00244,66,3,1374.4,3,2,2,7,Potential Loyalists
CUST_00245,103,6,14832.900000000001,2,4,4,10,Champions
CUST_00246,141,2,1239.0900000000001,2,1,2,5,At Risk
CUST_00247,75,7,5413.9400000000005,3,4,3,10,Champions
CUST_00248,31,3,2203.43,4,2,2,8,Loyal Customers
CUST_00249,198,4,5215.41,1,3,3,7,Potential Loyalists
CUST_00250,176,1,12718.2,2,1,4,7,Potential Loyalists
CUST_00251,105,2,2474.96,2,1,2,5,At Risk
CUST_00252,32,9,18766.25,4,4,4,12,Champions
CUST_00253,168,3,6104.4400000000005,2,2,4,8,Loyal Customers
CUST_00254,107,4,613.1800000000001,2,3,1,6,Potential Loyalists
CUST_00255,171,2,220.81,2,1,1,4,At Risk
CUST_00256,83,6,13381.57,3,4,4,11,Champions
CUST_00257,87,2,973.8900000000001,3,1,2,6,Potential Loyalists
CUST_00258,140,6,3768.67,2,4,3,9,Loyal Customers
CUST_00259,233,2,4355.91,1,1,3,5,At Risk
CUST_00260,255,2,427.65999999999997,1,1,1,3,Needs Attention
CUST_00261,26,6,4224.62,4,4,3,11,Champions
CUST_00262,287,1,50.9,1,1,1,3,Needs Attention
CUST_00263,230,3,6274.570000000001,1,2,4,7,Potential Loyalists
CUST_00264,39,3,924.3399999999999,4,2,2,8,Loyal Customers
CUST_00265,12,7,4866.16,4,4,3,11,Champions
CUST_00266,12,3,12708.69,4,2,4,10,Champions
CUST_00267,287,1,5004.9,1,1,3,5,At Risk
CUST_00268,98,3,947.34,2,2,2,6,Potential Loyalists
CUST_00269,209,1,2800.5,1,1,3,5,At Risk
CUST_00270,146,1,186.07,2,1,1,4,At Risk
CUST_00271,163,2,219.17,2,1,1,4,At Risk
CUST_00272,326,3,5937.62,1,2,4,7,Potential Loyalists
CUST_00273,424,1,6248.78,1,1,4,6,Potential Loyalists
CUST_00274,91,2,186.5,3,1,1,5,At Risk
CUST_00275,71,1,1990.27,3,1,2,6,Potential Loyalists
CUST_00276,66,3,1081.69,3,2,2,7,Potential Loyalists
CUST_00277,239,2,374.69,1,1,1,3,Needs Attention
CUST_00278,256,1,355.71,1,1,1,3,Needs Attention
CUST_00279,15,9,8998.039999999999,4,4,4,12,Champions
CUST_00280,331,1,363.61,1,1,1,3,Needs Attention
CUST_00281,50,4,11020.91,3,3,4,10,Champions
CUST_00282,108,1,858.7,2,1,1,4,At Risk
CUST_00283,49,1,105.6,3,1,1,5,At Risk
CUST_00284,305,2,3209.09,1,1,3,5,At Risk
CUST_00285,114,1,229.55,2,1,1,4,At Risk
CUST_00286,31,7,6885.5,4,4,4,12,Champions
CUST_00287,51,3,4548.25,3,2,3,8,Loyal Customers
CUST_00288,125,5,6706.0,2,4,4,10,Champions
CUST_00289,3,8,11224.32,4,4,4,12,Champions
CUST_00290,172,2,4059.1499999999996,2,1,3,6,Potential Loyalists
CUST_00291,128,3,1503.5,2,2,2,6,Potential Loyalists
CUST_00292,50,6,3072.8,3,4,3,10,Champions
CUST_00293,87,3,5139.64,3,2,3,8,Loyal Customers
CUST_00294,139,3,4237.54,2,2,3,7,Potential Loyalists
CUST_00295,185,3,744.88,2,2,1,5,At Risk
CUST_00296,13,2,3827.6400000000003,4,1,3,8,Loyal Customers
CUST_00297,74,2,5984.12,3,1,4,8,Loyal Customers
CUST_00298,82,1,2986.14,3,1,3,7,Potential Loyalists
CUST_00299,11,3,2362.61,4,2,2,8,Loyal Customers
CUST_00300,288,2,1295.79,1,1,2,4,At Risk
CUST_00301,83,3,886.8,3,2,1,6,Potential Loyalists
CUST_00302,31,5,7594.5599999999995,4,4,4,12,Champions
CUST_00303,148,2,748.76,2,1,1,4,At Risk
CUST_00304,99,2,5288.84,2,1,3,6,Potential Loyalists
CUST_00305,355,2,3982.9399999999996,1,1,3,5,At Risk
CUST_00306,63,6,6928.47,3,4,4,11,Champions
CUST_00307,250,2,4069.7799999999997,1,1,3,5,At Risk
CUST_00308,95,3,3162.1000000000004,2,2,3,7,Potential Loyalists
CUST_00309,59,5,3053.3100000000004,3,4,3,10,Champions
CUST_00310,158,1,4054.88,2,1,3,6,Potential Loyalists
CUST_00311,33,2,1968.97,4,1,2,7,Potential Loyalists
CUST_00312,111,1,85.44,2,1,1,4,At Risk
CUST_00313,166,2,494.02,2,1,1,4,At Risk
CUST_00314,100,3,2567.12,2,2,3,7,Potential Loyalists
CUST_00315,311,2,400.93,1,1,1,3,Needs Attention
CUST_00316,164,1,1295.0,2,1,2,5,At Risk
CUST_00317,42,3,1719.7,3,2,2,7,Potential Loyalists
CUST_00318,211,3,7715.96,1,2,4,7,Potential Loyalists
CUST_00319,154,3,1865.71,2,2,2,6,Potential Loyalists
CUST_00320,125,1,448.2,2,1,1,4,At Risk
CUST_00321,54,10,9956.119999999999,3,4,4,11,Champions
CUST_00322,414,1,2536.32,1,1,3,5,At Risk
CUST_00323,221,3,2076.6400000000003,1,2,2,5,At Risk
CUST_00324,56,3,2388.65,3,2,2,7,Potential Loyalists
CUST_00325,226,1,2178.78,1,1,2,4,At Risk
CUST_00326,280,2,2225.29,1,1,2,4,At Risk
CUST_00327,82,2,1503.48,3,1,2,6,Potential Loyalists
CUST_00328,91,2,3388.15,3,1,3,7,Potential Loyalists
CUST_00329,36,7,8675.3,4,4,4,12,Champions
CUST_00330,98,1,872.72,2,1,1,4,At Risk
CUST_00331,5,3,1630.78,4,2,2,8,Loyal Customers
CUST_00332,111,3,903.08,2,2,2,6,Potential Loyalists
CUST_00333,443,1,568.64,1,1,1,3,Needs Attention
CUST_00334,110,2,4985.6,2,1,3,6,Potential Loyalists
CUST_00335,13,2,2841.91,4,1,3,8,Loyal Customers
CUST_00336,21,6,8133.17,4,4,4,12,Champions
CUST_00337,210,1,3681.65,1,1,3,5,At Risk
CUST_00338,96,4,2652.9700000000003,2,3,3,8,Loyal Customers
CUST_00339,43,5,8773.0,3,4,4,11,Champions
CUST_00340,56,2,297.3,3,1,1,5,At Risk
CUST_00341,42,5,5653.17,3,4,3,10,Champions
CUST_00342,94,6,9730.85,3,4,4,11,Champions
CUST_00343,66,2,133.44,3,1,1,5,At Risk
CUST_00344,407,2,1766.02,1,1,2,4,At Risk
CUST_00345,40,3,7194.0,3,2,4,9,Loyal Customers
CUST_00346,103,5,6818.34,2,4,4,10,Champions
CUST_00347,338,4,5339.1,1,3,3,7,Potential Loyalists
CUST_00348,47,4,2877.3,3,3,3,9,Loyal Customers
CUST_00349,33,4,2643.9,4,3,3,10,Champions
CUST_00350,433,1,3351.67,1,1,3,5,At Risk
CUST_00351,78,6,13195.92,3,4,4,11,Champions
CUST_00352,184,3,743.3799999999999,2,2,1,5,At Risk
CUST_00353,209,3,1009.15,1,2,2,5,At Risk
CUST_00354,246,3,4360.4800000000005,1,2,3,6,Potential Loyalists
CUST_00355,83,8,4192.860000000001,3,4,3,10,Champions
CUST_00356,174,2,3884.3500000000004,2,1,3,6,Potential Loyalists
CUST_00357,154,3,2235.7799999999997,2,2,2,6,Potential Loyalists
CUST_00358,208,1,2005.55,1,1,2,4,At Risk
CUST_00359,52,2,3735.6699999999996,3,1,3,7,Potential Loyalists
CUST_00360,136,1,957.96,2,1,2,5,At Risk
CUST_00361,12,5,16828.5,4,4,4,12,Champions
CUST_00362,101,1,1367.58,2,1,2,5,At Risk
CUST_00363,120,3,5134.74,2,2,3,7,Potential Loyalists
CUST_00364,20,3,2166.73,4,2,2,8,Loyal Customers
CUST_00365,57,5,8058.8099999999995,3,4,4,11,Champions
CUST_00366,20,2,962.35,4,1,2,7,Potential Loyalists
CUST_00367,360,1,438.31,1,1,1,3,Needs Attention
CUST_00368,123,5,22308.22,2,4,4,10,Champions
CUST_00369,10,1,14.81,4,1,1,6,Potential Loyalists
CUST_00370,198,2,2215.34,1,1,2,4,At Risk
CUST_00371,91,1,564.76,3,1,1,5,At Risk
CUST_00372,309,2,1792.47,1,1,2,4,At Risk
CUST_00373,76,5,11427.89,3,4,4,11,Champions
CUST_00374,54,2,2280.27,3,1,2,6,Potential Loyalists
CUST_00375,167,4,5613.87,2,3,3,8,Loyal Customers
CUST_00376,225,2,117.80000000000001,1,1,1,3,Needs Attention
CUST_00377,265,1,174.37,1,1,1,3,Needs Attention
CUST_00378,117,3,12224.019999999999,2,2,4,8,Loyal Customers
CUST_00379,37,4,1054.11,4,3,2,9,Loyal Customers
CUST_00380,7,4,5515.51,4,3,3,10,Champions
CUST_00381,76,1,1052.55,3,1,2,6,Potential Loyalists
CUST_00382,263,1,161.95,1,1,1,3,Needs Attention
CUST_00383,26,2,2991.9300000000003,4,1,3,8,Loyal Customers
CUST_00384,162,1,690.2,2,1,1,4,At Risk
CUST_00385,82,5,13334.490000000002,3,4,4,11,Champions
CUST_00386,424,1,114.13,1,1,1,3,Needs Attention
CUST_00387,279,1,298.26,1,1,1,3,Needs Attention
CUST_00388,133,6,1961.66,2,4,2,8,Loyal Customers
CUST_00389,50,4,6735.0,3,3,4,10,Champions
CUST_00390,58,6,6918.36,3,4,4,11,Champions
CUST_00391,79,2,777.66,3,1,1,5,At Risk
CUST_00392,49,3,3863.8500000000004,3,2,3,8,Loyal Customers
CUST_00393,186,3,1399.6000000000001,1,2,2,5,At Risk
CUST_00394,78,7,3738.27,3,4,3,10,Champions
CUST_00395,251,2,7803.389999999999,1,1,4,6,Potential Loyalists
CUST_00396,109,3,1345.42,2,2,2,6,Potential Loyalists
CUST_00397,83,5,10800.16,3,4,4,11,Champions
CUST_00398,42,6,4775.8,3,4,3,10,Champions
CUST_00399,5,3,231.03999999999996,4,2,1,7,Potential Loyalists
CUST_00400,29,8,10932.39,4,4,4,12,Champions
CUST_00401,20,4,10794.24,4,3,4,11,Champions
CUST_00402,73,4,1304.47,3,3,2,8,Loyal Customers
CUST_00403,14,2,819.98,4,1,1,6,Potential Loyalists
CUST_00404,96,3,2761.87,2,2,3,7,Potential Loyalists
CUST_00405,181,1,2160.88,2,1,2,5,At Risk
CUST_00406,28,9,6084.75,4,4,4,12,Champions
CUST_00407,95,3,4609.389999999999,2,2,3,7,Potential Loyalists
CUST_00408,22,9,28865.97,4,4,4,12,Champions
CUST_00409,22,2,7865.040000000001,4,1,4,9,Loyal Customers
CUST_00410,128,1,282.21,2,1,1,4,At Risk
CUST_00411,3,2,1459.8500000000001,4,1,2,7,Potential Loyalists
CUST_00412,35,2,2268.76,4,1,2,7,Potential Loyalists
CUST_00413,376,1,374.12,1,1,1,3,Needs Attention
CUST_00414,26,2,2184.73,4,1,2,7,Potential Loyalists
CUST_00415,111,2,1681.1999999999998,2,1,2,5,At Risk
CUST_00416,81,4,8661.029999999999,3,3,4,10,Champions
CUST_00417,173,6,6250.51,2,4,4,10,Champions
CUST_00418,121,7,6008.9800000000005,2,4,4,10,Champions
CUST_00419,130,5,4757.139999999999,2,4,3,9,Loyal Customers
CUST_00420,323,1,2349.09,1,1,2,4,At Risk
CUST_00421,68,3,7386.08,3,2,4,9,Loyal Customers
CUST_00422,62,3,12480.420000000002,3,2,4,9,Loyal Customers
CUST_00423,166,3,5998.98,2,2,4,8,Loyal Customers
CUST_00424,4,2,1296.0,4,1,2,7,Potential Loyalists
CUST_00425,1,10,9990.1,4,4,4,12,Champions
CUST_00426,143,5,3400.2000000000003,2,4,3,9,Loyal Customers
CUST_00427,194,3,28571.71,1,2,4,7,Potential Loyalists
CUST_00428,76,1,295.88,3,1,1,5,At Risk
CUST_00429,72,5,2715.2400000000002,3,4,3,10,Champions
CUST_00430,162,5,3822.06,2,4,3,9,Loyal Customers
CUST_00431,1,6,12412.81,4,4,4,12,Champions
CUST_00432,3,7,3653.62,4,4,3,11,Champions
CUST_00433,7,3,2794.06,4,2,3,9,Loyal Customers
CUST_00434,28,2,2653.11,4,1,3,8,Loyal Customers
CUST_00435,87,3,14177.36,3,2,4,9,Loyal Customers
CUST_00436,58,4,4380.76,3,3,3,9,Loyal Customers
CUST_00437,65,5,11406.7,3,4,4,11,Champions
CUST_00438,38,4,7347.46,4,3,4,11,Champions
CUST_00439,351,1,534.0,1,1,1,3,Needs Attention
CUST_00440,32,4,1478.74,4,3,2,9,Loyal Customers
CUST_00441,193,4,5848.24,1,3,4,8,Loyal Customers
CUST_00442,123,2,2483.6099999999997,2,1,2,5,At Risk
CUST_00443,30,5,9044.77,4,4,4,12,Champions
CUST_00444,35,8,3983.39,4,4,3,11,Champions
CUST_00445,33,3,889.8299999999999,4,2,2,8,Loyal Customers
CUST_00446,104,2,884.53,2,1,1,4,At Risk
CUST_00447,96,4,6394.88,2,3,4,9,Loyal Customers
CUST_00448,179,2,2424.96,2,1,2,5,At Risk
CUST_00449,205,2,793.71,1,1,1,3,Needs Attention
CUST_00450,116,2,1237.47,2,1,2,5,At Risk
CUST_00451,8,1,25.78,4,1,1,6,Potential Loyalists
CUST_00452,119,3,486.68,2,2,1,5,At Risk
CUST_00453,83,3,4206.42,3,2,3,8,Loyal Customers
CUST_00454,79,2,275.95,3,1,1,5,At Risk
CUST_00455,39,2,16478.079999999998,4,1,4,9,Loyal Customers
CUST_00456,132,2,3964.3399999999997,2,1,3,6,Potential Loyalists
CUST_00457,44,6,5075.57,3,4,3,10,Champions
CUST_00458,51,2,941.9,3,1,2,6,Potential Loyalists
CUST_00459,213,1,169.89,1,1,1,3,Needs Attention
CUST_00460,169,1,1177.73,2,1,2,5,At Risk
CUST_00461,81,3,2348.32,3,2,2,7,Potential Loyalists
CUST_00462,191,3,3540.63,1,2,3,6,Potential Loyalists
CUST_00463,37,3,1308.46,4,2,2,8,Loyal Customers
CUST_00464,243,2,2296.01,1,1,2,4,At Risk
CUST_00465,131,1,536.52,2,1,1,4,At Risk
CUST_00466,35,5,4061.17,4,4,3,11,Champions
CUST_00467,46,4,1132.03,3,3,2,8,Loyal Customers
CUST_00468,181,1,212.36,2,1,1,4,At Risk
CUST_00469,30,10,15782.27,4,4,4,12,Champions
CUST_00470,126,3,610.6899999999999,2,2,1,5,At Risk
CUST_00471,101,3,2669.37,2,2,3,7,Potential Loyalists
CUST_00472,14,7,26235.6,4,4,4,12,Champions
CUST_00473,20,3,9328.449999999999,4,2,4,10,Champions
CUST_00474,15,5,7802.66,4,4,4,12,Champions
CUST_00475,168,5,5262.03,2,4,3,9,Loyal Customers
CUST_00476,17,5,13848.26,4,4,4,12,Champions
CUST_00477,43,3,4369.83,3,2,3,8,Loyal Customers
CUST_00478,36,9,9258.79,4,4,4,12,Champions
CUST_00479,177,1,340.5,2,1,1,4,At Risk
CUST_00480,20,2,59.4,4,1,1,6,Potential Loyalists
CUST_00481,149,2,203.44,2,1,1,4,At Risk
CUST_00482,111,3,3121.58,2,2,3,7,Potential Loyalists
CUST_00483,55,5,4324.98,3,4,3,10,Champions
CUST_00484,261,2,519.38,1,1,1,3,Needs Attention
CUST_00485,14,6,5770.95,4,4,3,11,Champions
CUST_00486,81,7,8276.130000000001,3,4,4,11,Champions
CUST_00487,21,3,2731.71,4,2,3,9,Loyal Customers
CUST_00488,192,3,5958.18,1,2,4,7,Potential Loyalists
CUST_00489,13,10,22299.010000000002,4,4,4,12,Champions
CUST_00490,227,3,8366.03,1,2,4,7,Potential Loyalists
CUST_00491,186,1,625.91,1,1,1,3,Needs Attention
CUST_00492,117,2,4359.17,2,1,3,6,Potential Loyalists
CUST_00493,60,3,2934.5299999999997,3,2,3,8,Loyal Customers
CUST_00494,407,2,939.99,1,1,2,4,At Risk
CUST_00495,300,1,1296.81,1,1,2,4,At Risk
CUST_00496,3,2,3802.32,4,1,3,8,Loyal Customers
CUST_00497,108,3,3125.27,2,2,3,7,Potential Loyalists
CUST_00498,253,3,5281.46,1,2,3,6,Potential Loyalists
CUST_00499,36,2,2111.96,4,1,2,7,Potential Loyalists
CUST_00500,150,2,1132.27,2,1,2,5,At Risk
CUST_00501,109,2,3101.72,2,1,3,6,Potential Loyalists
CUST_00502,139,1,969.8,2,1,2,5,At Risk
CUST_00503,48,5,5073.1,3,4,3,10,Champions
CUST_00504,167,3,1191.06,2,2,2,6,Potential Loyalists
CUST_00505,301,1,303.3,1,1,1,3,Needs Attention
CUST_00506,53,4,4711.0,3,3,3,9,Loyal Customers
CUST_00507,179,5,857.79,2,4,1,7,Potential Loyalists
CUST_00508,107,5,5176.95,2,4,3,9,Loyal Customers
CUST_00509,139,2,2389.2799999999997,2,1,2,5,At Risk
CUST_00510,157,5,7314.56,2,4,4,10,Champions
CUST_00511,5,5,1059.6200000000001,4,4,2,10,Champions
CUST_00512,329,2,1069.67,1,1,2,4,At Risk
CUST_00513,58,5,11606.28,3,4,4,11,Champions
CUST_00514,348,1,305.98,1,1,1,3,Needs Attention
CUST_00515,375,2,647.8499999999999,1,1,1,3,Needs Attention
CUST_00516,297,3,3243.8,1,2,3,6,Potential Loyalists
CUST_00517,123,2,1651.1999999999998,2,1,2,5,At Risk
CUST_00518,180,3,570.74,2,2,1,5,At Risk
CUST_00519,251,3,960.14,1,2,2,5,At Risk
CUST_00520,10,1,442.53,4,1,1,6,Potential Loyalists
CUST_00521,201,4,3062.31,1,3,3,7,Potential Loyalists
CUST_00522,150,5,1140.5900000000001,2,4,2,8,Loyal Customers
CUST_00523,284,3,976.52,1,2,2,5,At Risk
CUST_00524,35,3,5465.570000000001,4,2,3,9,Loyal Customers
CUST_00525,351,2,482.07000000000005,1,1,1,3,Needs Attention
CUST_00526,48,3,2469.5,3,2,2,7,Potential Loyalists
CUST_00527,207,2,3965.47,1,1,3,5,At Risk
CUST_00528,163,3,1877.4399999999998,2,2,2,6,Potential Loyalists
CUST_00529,183,1,4636.65,2,1,3,6,Potential Loyalists
CUST_00530,252,2,631.94,1,1,1,3,Needs Attention
CUST_00531,109,1,303.12,2,1,1,4,At Risk
CUST_00532,250,3,2291.6800000000003,1,2,2,5,At Risk
CUST_00533,33,4,3629.29,4,3,3,10,Champions
CUST_00534,49,2,639.69,3,1,1,5,At Risk
CUST_00535,101,1,401.04,2,1,1,4,At Risk
CUST_00536,71,6,16556.48,3,4,4,11,Champions
CUST_00537,78,1,197.88,3,1,1,5,At Risk
CUST_00538,151,1,160.32,2,1,1,4,At Risk
CUST_00539,59,4,2246.39,3,3,2,8,Loyal Customers
CUST_00540,82,2,2272.4900000000002,3,1,2,6,Potential Loyalists
CUST_00541,62,3,1750.48,3,2,2,7,Potential Loyalists
CUST_00542,5,1,1820.35,4,1,2,7,Potential Loyalists
CUST_00543,79,2,11490.7,3,1,4,8,Loyal Customers
CUST_00544,370,1,233.25,1,1,1,3,Needs Attention
CUST_00545,75,5,4684.01,3,4,3,10,Champions
CUST_00546,434,1,57.8,1,1,1,3,Needs Attention
CUST_00547,301,1,176.4,1,1,1,3,Needs Attention
CUST_00548,375,1,290.88,1,1,1,3,Needs Attention
CUST_00549,234,1,789.54,1,1,1,3,Needs Attention
CUST_00550,63,5,3119.18,3,4,3,10,Champions
CUST_00551,242,2,804.6800000000001,1,1,1,3,Needs Attention
CUST_00552,25,5,5870.8,4,4,4,12,Champions
CUST_00553,32,5,17580.52,4,4,4,12,Champions
CUST_00554,31,2,823.36,4,1,1,6,Potential Loyalists
CUST_00555,127,2,471.4,2,1,1,4,At Risk
CUST_00556,237,1,320.72,1,1,1,3,Needs Attention
CUST_00557,120,1,462.56,2,1,1,4,At Risk
CUST_00558,107,2,2023.65,2,1,2,5,At Risk
CUST_00559,87,4,2783.83,3,3,3,9,Loyal Customers
CUST_00560,142,2,674.62,2,1,1,4,At Risk
CUST_00561,31,1,416.3,4,1,1,6,Potential Loyalists
CUST_00562,139,2,1334.5,2,1,2,5,At Risk
CUST_00563,78,5,7184.01,3,4,4,11,Champions
CUST_00564,52,3,3531.8700000000003,3,2,3,8,Loyal Customers
CUST_00565,22,2,472.78000000000003,4,1,1,6,Potential Loyalists
CUST_00566,316,2,1140.33,1,1,2,4,At Risk
CUST_00567,47,4,5953.01,3,3,4,10,Champions
CUST_00568,392,2,10429.22,1,1,4,6,Potential Loyalists
CUST_00569,71,7,8213.13,3,4,4,11,Champions
CUST_00570,333,2,361.96000000000004,1,1,1,3,Needs Attention
CUST_00571,167,1,266.16,2,1,1,4,At Risk
CUST_00572,191,3,1418.67,1,2,2,5,At Risk
CUST_00573,3,2,965.99,4,1,2,7,Potential Loyalists
CUST_00574,69,1,5803.24,3,1,4,8,Loyal Customers
CUST_00575,50,5,13548.09,3,4,4,11,Champions
CUST_00576,36,4,3058.08,4,3,3,10,Champions
CUST_00577,15,9,5101.69,4,4,3,11,Champions
CUST_00578,82,6,8024.82,3,4,4,11,Champions
CUST_00579,76,1,138.45,3,1,1,5,At Risk
CUST_00580,58,4,3999.2400000000002,3,3,3,9,Loyal Customers
CUST_00581,192,3,1296.05,1,2,2,5,At Risk
CUST_00582,164,2,4474.320000000001,2,1,3,6,Potential Loyalists
CUST_00583,182,4,10039.689999999999,2,3,4,9,Loyal Customers
CUST_00584,96,2,819.51,2,1,1,4,At Risk
CUST_00585,48,10,17144.059999999998,3,4,4,11,Champions
CUST_00586,201,3,2040.16,1,2,2,5,At Risk
CUST_00587,53,1,1497.05,3,1,2,6,Potential Loyalists
CUST_00588,87,3,5404.49,3,2,3,8,Loyal Customers
CUST_00589,124,3,1014.81,2,2,2,6,Potential Loyalists
CUST_00590,16,1,19.23,4,1,1,6,Potential Loyalists
CUST_00591,67,7,13731.58,3,4,4,11,Champions
CUST_00592,247,3,762.68,1,2,1,4,At Risk
CUST_00593,16,10,1974.43,4,4,2,10,Champions
CUST_00594,224,1,398.48,1,1,1,3,Needs Attention
CUST_00595,15,5,5222.44,4,4,3,11,Champions
CUST_00596,75,3,2975.75,3,2,3,8,Loyal Customers
CUST_00597,143,7,4804.150000000001,2,4,3,9,Loyal Customers
CUST_00598,26,9,7399.2699999999995,4,4,4,12,Champions
CUST_00599,335,1,184.68,1,1,1,3,Needs Attention
CUST_00600,241,4,23188.96,1,3,4,8,Loyal Customers
CUST_00601,59,3,2004.45,3,2,2,7,Potential Loyalists
CUST_00602,40,6,16486.29,3,4,4,11,Champions
CUST_00603,17,6,9604.86,4,4,4,12,Champions
CUST_00604,80,2,570.06,3,1,1,5,At Risk
CUST_00605,183,5,9920.44,2,4,4,10,Champions
CUST_00606,84,3,6761.5199999999995,3,2,4,9,Loyal Customers
CUST_00607,205,1,87.2,1,1,1,3,Needs Attention
CUST_00608,101,9,12394.35,2,4,4,10,Champions
CUST_00609,55,4,2208.8599999999997,3,3,2,8,Loyal Customers
CUST_00610,291,2,748.0699999999999,1,1,1,3,Needs Attention
CUST_00611,126,2,943.21,2,1,2,5,At Risk
CUST_00612,10,6,8177.33,4,4,4,12,Champions
CUST_00613,48,9,15718.970000000001,3,4,4,11,Champions
CUST_00614,50,1,676.46,3,1,1,5,At Risk
CUST_00615,33,3,4458.93,4,2,3,9,Loyal Customers
CUST_00616,359,1,96.6,1,1,1,3,Needs Attention
CUST_00617,5,5,1831.28,4,4,2,10,Champions
CUST_00618,38,3,1013.0899999999999,4,2,2,8,Loyal Customers
CUST_00619,29,3,9431.2,4,2,4,10,Champions
CUST_00620,177,2,621.21,2,1,1,4,At Risk
CUST_00621,154,3,1218.8200000000002,2,2,2,6,Potential Loyalists
CUST_00622,179,3,5424.280000000001,2,2,3,7,Potential Loyalists
CUST_00623,48,6,5742.25,3,4,3,10,Champions
CUST_00624,146,1,77.56,2,1,1,4,At Risk
CUST_00625,2,5,14381.05,4,4,4,12,Champions
CUST_00626,22,9,30787.31,4,4,4,12,Champions
CUST_00627,365,2,1057.64,1,1,2,4,At Risk
CUST_00628,104,3,1293.41,2,2,2,6,Potential Loyalists
CUST_00629,17,5,2575.84,4,4,3,11,Champions
CUST_00630,35,1,104.78,4,1,1,6,Potential Loyalists
CUST_00631,76,3,13874.8,3,2,4,9,Loyal Customers
CUST_00632,56,3,483.89000000000004,3,2,1,6,Potential Loyalists
CUST_00633,4,7,7592.38,4,4,4,12,Champions
CUST_00634,61,2,128.92,3,1,1,5,At Risk
CUST_00635,29,6,14745.15,4,4,4,12,Champions
CUST_00636,12,5,7311.280000000001,4,4,4,12,Champions
CUST_00637,1,2,1678.02,4,1,2,7,Potential Loyalists
CUST_00638,299,3,15600.49,1,2,4,7,Potential Loyalists
CUST_00639,34,2,4968.28,4,1,3,8,Loyal Customers
CUST_00640,23,5,5623.15,4,4,3,11,Champions
CUST_00641,111,9,11421.47,2,4,4,10,Champions
CUST_00642,128,2,1454.4,2,1,2,5,At Risk
CUST_00643,126,4,1372.69,2,3,2,7,Potential Loyalists
CUST_00644,87,3,10390.55,3,2,4,9,Loyal Customers
CUST_00645,127,4,2416.2,2,3,2,7,Potential Loyalists
CUST_00646,11,8,7253.68,4,4,4,12,Champions
CUST_00647,84,3,4430.84,3,2,3,8,Loyal Customers
CUST_00648,103,4,5048.75,2,3,3,8,Loyal Customers
CUST_00649,42,5,10389.22,3,4,4,11,Champions
CUST_00650,40,4,2969.38,3,3,3,9,Loyal Customers
CUST_00651,113,3,947.77,2,2,2,6,Potential Loyalists
CUST_00652,51,3,11292.42,3,2,4,9,Loyal Customers
CUST_00653,110,3,990.8,2,2,2,6,Potential Loyalists
CUST_00654,234,4,3700.0899999999997,1,3,3,7,Potential Loyalists
CUST_00655,206,2,5572.740000000001,1,1,3,5,At Risk
CUST_00656,107,2,1602.68,2,1,2,5,At Risk
CUST_00657,18,4,769.69,4,3,1,8,Loyal Customers
CUST_00658,188,2,2516.1600000000003,1,1,3,5,At Risk
CUST_00659,202,1,110.7,1,1,1,3,Needs Attention
CUST_00660,52,1,121.66,3,1,1,5,At Risk
CUST_00661,4,3,288.03,4,2,1,7,Potential Loyalists
CUST_00662,37,2,1245.04,4,1,2,7,Potential Loyalists
CUST_00663,377,2,879.09,1,1,1,3,Needs Attention
CUST_00664,111,3,353.55,2,2,1,5,At Risk
CUST_00665,4,5,25004.65,4,4,4,12,Champions
CUST_00666,170,3,2376.2200000000003,2,2,2,6,Potential Loyalists
CUST_00667,120,2,5525.65,2,1,3,6,Potential Loyalists
CUST_00668,135,3,1911.5,2,2,2,6,Potential Loyalists
CUST_00669,146,3,18624.550000000003,2,2,4,8,Loyal Customers
CUST_00670,28,4,362.89,4,3,1,8,Loyal Customers
CUST_00671,40,2,1842.3,3,1,2,6,Potential Loyalists
CUST_00672,349,2,1486.58,1,1,2,4,At Risk
CUST_00673,129,1,1168.84,2,1,2,5,At Risk
CUST_00674,54,5,8103.57,3,4,4,11,Champions
CUST_00675,147,4,18382.56,2,3,4,9,Loyal Customers
CUST_00676,72,9,20324.46,3,4,4,11,Champions
CUST_00677,5,2,2100.0,4,1,2,7,Potential Loyalists
CUST_00678,178,1,142.21,2,1,1,4,At Risk
CUST_00679,115,8,9041.15,2,4,4,10,Champions
CUST_00680,60,3,1347.31,3,2,2,7,Potential Loyalists
CUST_00681,110,5,3809.77,2,4,3,9,Loyal Customers
CUST_00682,110,2,136.04000000000002,2,1,1,4,At Risk
CUST_00683,144,7,14346.099999999999,2,4,4,10,Champions
CUST_00684,23,6,1959.03,4,4,2,10,Champions
CUST_00685,213,1,671.92,1,1,1,3,Needs Attention
CUST_00686,15,4,2493.26,4,3,2,9,Loyal Customers
CUST_00687,11,10,8623.81,4,4,4,12,Champions
CUST_00688,208,2,3597.83,1,1,3,5,At Risk
CUST_00689,86,2,474.65,3,1,1,5,At Risk
CUST_00690,32,2,1510.6799999999998,4,1,2,7,Potential Loyalists
CUST_00691,149,3,1029.55,2,2,2,6,Potential Loyalists
CUST_00692,24,9,18117.17,4,4,4,12,Champions
CUST_00693,7,2,657.14,4,1,1,6,Potential Loyalists
CUST_00694,44,5,1615.44,3,4,2,9,Loyal Customers
CUST_00695,200,1,220.95,1,1,1,3,Needs Attention
CUST_00696,50,4,1035.13,3,3,2,8,Loyal Customers
CUST_00697,134,4,5570.96,2,3,3,8,Loyal Customers
CUST_00698,71,3,1211.44,3,2,2,7,Potential Loyalists
CUST_00699,40,3,907.82,3,2,2,7,Potential Loyalists
CUST_00700,226,2,2497.63,1,1,3,5,At Risk
CUST_00701,27,3,1638.0500000000002,4,2,2,8,Loyal Customers
CUST_00702,350,2,1378.23,1,1,2,4,At Risk
CUST_00703,3,7,10139.98,4,4,4,12,Champions
CUST_00704,41,10,14922.749999999998,3,4,4,11,Champions
CUST_00705,2,2,450.5,4,1,1,6,Potential Loyalists
CUST_00706,192,2,5327.74,1,1,3,5,At Risk
CUST_00707,70,3,8444.039999999999,3,2,4,9,Loyal Customers
CUST_00708,32,4,837.62,4,3,1,8,Loyal Customers
CUST_00709,305,3,2650.42,1,2,3,6,Potential Loyalists
CUST_00710,272,3,2493.71,1,2,2,5,At Risk
CUST_00711,38,4,2591.56,4,3,3,10,Champions
CUST_00712,29,3,1390.46,4,2,2,8,Loyal Customers
CUST_00713,126,1,1189.55,2,1,2,5,At Risk
CUST_00714,178,1,7672.2,2,1,4,7,Potential Loyalists
CUST_00715,238,2,4381.339999999999,1,1,3,5,At Risk
CUST_00716,59,7,20361.77,3,4,4,11,Champions
CUST_00717,39,7,4111.0,4,4,3,11,Champions
CUST_00718,146,3,1843.0700000000002,2,2,2,6,Potential Loyalists
CUST_00719,70,4,2448.87,3,3,2,8,Loyal Customers
CUST_00720,131,8,30076.86,2,4,4,10,Champions
CUST_00721,261,2,782.28,1,1,1,3,Needs Attention
CUST_00722,241,2,969.9,1,1,2,4,At Risk
CUST_00723,66,4,1172.96,3,3,2,8,Loyal Customers
CUST_00724,17,3,416.02,4,2,1,7,Potential Loyalists
CUST_00725,366,2,1261.71,1,1,2,4,At Risk
CUST_00726,238,3,745.64,1,2,1,4,At Risk
CUST_00727,375,2,880.47,1,1,1,3,Needs Attention
CUST_00728,44,4,5240.84,3,3,3,9,Loyal Customers
CUST_00729,23,2,1546.58,4,1,2,7,Potential Loyalists
CUST_00730,108,2,776.69,2,1,1,4,At Risk
CUST_00731,274,4,1063.22,1,3,2,6,Potential Loyalists
CUST_00732,117,3,8959.26,2,2,4,8,Loyal Customers
CUST_00733,252,2,658.38,1,1,1,3,Needs Attention
CUST_00734,44,1,1121.67,3,1,2,6,Potential Loyalists
CUST_00735,74,2,1746.54,3,1,2,6,Potential Loyalists
CUST_00736,374,1,254.8,1,1,1,3,Needs Attention
CUST_00737,47,4,4383.15,3,3,3,9,Loyal Customers
CUST_00738,297,2,9723.04,1,1,4,6,Potential Loyalists
CUST_00739,190,1,118.65,1,1,1,3,Needs Attention
CUST_00740,104,5,13288.4,2,4,4,10,Champions
CUST_00741,40,7,3597.98,3,4,3,10,Champions
CUST_00742,193,3,443.25,1,2,1,4,At Risk
CUST_00743,418,2,3355.39,1,1,3,5,At Risk
CUST_00744,107,4,1161.2800000000002,2,3,2,7,Potential Loyalists
CUST_00745,4,4,16565.24,4,3,4,11,Champions
CUST_00746,60,2,3124.15,3,1,3,7,Potential Loyalists
CUST_00747,42,7,1705.24,3,4,2,9,Loyal Customers
CUST_00748,91,7,6148.490000000001,3,4,4,11,Champions
CUST_00749,44,3,923.34,3,2,2,7,Potential Loyalists
CUST_00750,326,2,3447.6,1,1,3,5,At Risk
CUST_00751,70,1,142.6,3,1,1,5,At Risk
CUST_00752,41,5,6926.14,3,4,4,11,Champions
CUST_00753,110,2,850.51,2,1,1,4,At Risk
CUST_00754,406,1,147.24,1,1,1,3,Needs Attention
CUST_00755,22,7,23953.33,4,4,4,12,Champions
CUST_00756,12,4,3871.19,4,3,3,10,Champions
CUST_00757,94,4,1099.83,3,3,2,8,Loyal Customers
CUST_00758,3,7,28871.17,4,4,4,12,Champions
CUST_00759,77,3,21591.21,3,2,4,9,Loyal Customers
CUST_00760,46,2,900.02,3,1,2,6,Potential Loyalists
CUST_00761,148,2,346.77,2,1,1,4,At Risk
CUST_00762,61,7,4389.5,3,4,3,10,Champions
CUST_00763,157,2,508.09,2,1,1,4,At Risk
CUST_00764,91,6,10903.49,3,4,4,11,Champions
CUST_00765,15,10,8226.76,4,4,4,12,Champions
CUST_00766,74,1,618.3,3,1,1,5,At Risk
CUST_00767,10,2,348.89,4,1,1,6,Potential Loyalists
CUST_00768,246,2,204.91,1,1,1,3,Needs Attention
CUST_00769,61,6,2203.71,3,4,2,9,Loyal Customers
CUST_00770,320,1,121.88,1,1,1,3,Needs Attention
CUST_00771,126,6,8641.52,2,4,4,10,Champions
CUST_00772,406,1,353.73,1,1,1,3,Needs Attention
CUST_00773,9,2,5423.1,4,1,3,8,Loyal Customers
CUST_00774,175,3,2078.56,2,2,2,6,Potential Loyalists
CUST_00775,33,4,4913.81,4,3,3,10,Champions
CUST_00776,264,2,381.37,1,1,1,3,Needs Attention
CUST_00777,235,4,840.09,1,3,1,5,At Risk
CUST_00778,24,2,836.48,4,1,1,6,Potential Loyalists
CUST_00779,2,10,12116.55,4,4,4,12,Champions
CUST_00780,70,8,5879.83,3,4,4,11,Champions
CUST_00781,218,2,350.36,1,1,1,3,Needs Attention
CUST_00782,56,6,12558.32,3,4,4,11,Champions
CUST_00783,181,8,7857.5599999999995,2,4,4,10,Champions
CUST_00784,37,10,3207.38,4,4,3,11,Champions
CUST_00785,183,4,3004.31,2,3,3,8,Loyal Customers
CUST_00786,164,3,2606.11,2,2,3,7,Potential Loyalists
CUST_00787,134,2,133.78,2,1,1,4,At Risk
CUST_00788,231,2,2866.96,1,1,3,5,At Risk
CUST_00789,18,4,5413.2,4,3,3,10,Champions
CUST_00790,19,8,10624.25,4,4,4,12,Champions
CUST_00791,8,9,8887.98,4,4,4,12,Champions
CUST_00792,12,5,13834.56,4,4,4,12,Champions
CUST_00793,69,3,2173.87,3,2,2,7,Potential Loyalists
CUST_00794,19,4,5019.5,4,3,3,10,Champions
CUST_00795,100,4,2438.6200000000003,2,3,2,7,Potential Loyalists
CUST_00796,374,1,586.03,1,1,1,3,Needs Attention
CUST_00797,72,3,2350.59,3,2,2,7,Potential Loyalists
CUST_00798,9,8,6747.21,4,4,4,12,Champions
CUST_00799,16,2,7411.16,4,1,4,9,Loyal Customers
CUST_00800,430,1,390.96,1,1,1,3,Needs Attention
CUST_00801,54,3,811.71,3,2,1,6,Potential Loyalists
CUST_00802,34,1,1477.65,4,1,2,7,Potential Loyalists
CUST_00803,322,2,9146.86,1,1,4,6,Potential Loyalists
CUST_00804,118,3,2370.46,2,2,2,6,Potential Loyalists
CUST_00805,42,6,18579.38,3,4,4,11,Champions
CUST_00806,3,6,34314.39,4,4,4,12,Champions
CUST_00807,48,4,4857.6900000000005,3,3,3,9,Loyal Customers
CUST_00808,141,3,2821.7799999999997,2,2,3,7,Potential Loyalists
CUST_00809,8,3,2380.0699999999997,4,2,2,8,Loyal Customers
CUST_00810,16,10,14258.16,4,4,4,12,Champions
CUST_00811,7,5,1727.1299999999999,4,4,2,10,Champions
CUST_00812,307,1,102.35,1,1,1,3,Needs Attention
CUST_00813,28,3,2373.66,4,2,2,8,Loyal Customers
CUST_00814,35,6,5849.99,4,4,4,12,Champions
CUST_00815,10,7,17211.84,4,4,4,12,Champions
CUST_00816,129,3,5458.88,2,2,3,7,Potential Loyalists
CUST_00817,24,6,12845.179999999998,4,4,4,12,Champions
CUST_00818,183,2,1577.78,2,1,2,5,At Risk
CUST_00819,261,2,1164.21,1,1,2,4,At Risk
CUST_00820,108,4,16383.44,2,3,4,9,Loyal Customers
CUST_00821,15,5,4950.09,4,4,3,11,Champions
CUST_00822,4,9,8026.13,4,4,4,12,Champions
CUST_00823,123,2,1523.71,2,1,2,5,At Risk
CUST_00824,242,4,10210.44,1,3,4,8,Loyal Customers
CUST_00825,10,8,10967.34,4,4,4,12,Champions
CUST_00826,103,4,1813.6100000000001,2,3,2,7,Potential Loyalists
CUST_00827,72,2,1475.0500000000002,3,1,2,6,Potential Loyalists
CUST_00828,129,3,7812.87,2,2,4,8,Loyal Customers
CUST_00829,126,3,8901.83,2,2,4,8,Loyal Customers
CUST_00830,87,1,519.12,3,1,1,5,At Risk
CUST_00831,74,3,300.26,3,2,1,6,Potential Loyalists
CUST_00832,223,2,754.55,1,1,1,3,Needs Attention
CUST_00833,75,4,5887.01,3,3,4,10,Champions
CUST_00834,27,2,3911.92,4,1,3,8,Loyal Customers
CUST_00835,202,2,1755.37,1,1,2,4,At Risk
CUST_00836,174,4,7261.370000000001,2,3,4,9,Loyal Customers
CUST_00837,63,2,7940.160000000001,3,1,4,8,Loyal Customers
CUST_00838,10,6,16812.41,4,4,4,12,Champions
CUST_00839,13,1,563.87,4,1,1,6,Potential Loyalists
CUST_00840,177,3,895.9,2,2,2,6,Potential Loyalists
CUST_00841,221,1,4575.39,1,1,3,5,At Risk
CUST_00842,104,2,14722.4,2,1,4,7,Potential Loyalists
CUST_00843,97,2,884.76,2,1,1,4,At Risk
CUST_00844,37,10,15381.12,4,4,4,12,Champions
CUST_00845,23,3,971.3700000000001,4,2,2,8,Loyal Customers
CUST_00846,360,1,93.72,1,1,1,3,Needs Attention
CUST_00847,180,4,2488.36,2,3,2,7,Potential Loyalists
CUST_00848,156,4,9006.06,2,3,4,9,Loyal Customers
CUST_00849,191,2,1925.33,1,1,2,4,At Risk
CUST_00850,45,3,2305.4900000000002,3,2,2,7,Potential Loyalists
CUST_00851,118,2,3052.18,2,1,3,6,Potential Loyalists
CUST_00852,29,4,7629.86,4,3,4,11,Champions
CUST_00853,116,4,20286.17,2,3,4,9,Loyal Customers
CUST_00854,186,3,494.82,1,2,1,4,At Risk
CUST_00855,9,8,6488.4400000000005,4,4,4,12,Champions
CUST_00856,61,2,1188.24,3,1,2,6,Potential Loyalists
CUST_00857,25,2,4882.8,4,1,3,8,Loyal Customers
CUST_00858,193,3,3252.0299999999997,1,2,3,6,Potential Loyalists
CUST_00859,409,1,35.2,1,1,1,3,Needs Attention
CUST_00860,234,3,1173.88,1,2,2,5,At Risk
CUST_00861,229,2,10067.42,1,1,4,6,Potential Loyalists
CUST_00862,398,1,53.2,1,1,1,3,Needs Attention
CUST_00863,232,4,1076.89,1,3,2,6,Potential Loyalists
CUST_00864,36,8,8508.11,4,4,4,12,Champions
CUST_00865,318,2,2623.9,1,1,3,5,At Risk
CUST_00866,47,2,5723.82,3,1,3,7,Potential Loyalists
CUST_00867,5,10,10800.08,4,4,4,12,Champions
CUST_00868,39,10,9437.09,4,4,4,12,Champions
CUST_00869,158,4,2940.8,2,3,3,8,Loyal Customers
CUST_00870,314,1,302.08,1,1,1,3,Needs Attention
CUST_00871,47,1,2035.35,3,1,2,6,Potential Loyalists
CUST_00872,239,3,509.5,1,2,1,4,At Risk
CUST_00873,287,2,910.1800000000001,1,1,2,4,At Risk
CUST_00874,101,7,4943.36,2,4,3,9,Loyal Customers
CUST_00875,3,6,14677.81,4,4,4,12,Champions
CUST_00876,228,5,10796.990000000002,1,4,4,9,Loyal Customers
CUST_00877,145,3,15302.01,2,2,4,8,Loyal Customers
CUST_00878,182,5,7207.37,2,4,4,10,Champions
CUST_00879,111,1,77.56,2,1,1,4,At Risk
CUST_00880,368,3,5612.8099999999995,1,2,3,6,Potential Loyalists
CUST_00881,104,3,1453.72,2,2,2,6,Potential Loyalists
CUST_00882,72,3,4395.45,3,2,3,8,Loyal Customers
CUST_00883,123,1,250.01,2,1,1,4,At Risk
CUST_00884,101,1,1714.58,2,1,2,5,At Risk
CUST_00885,160,2,4665.0,2,1,3,6,Potential Loyalists
CUST_00886,19,3,2530.99,4,2,3,9,Loyal Customers
CUST_00887,46,3,3138.0,3,2,3,8,Loyal Customers
CUST_00888,74,1,160.1,3,1,1,5,At Risk
CUST_00889,54,1,261.54,3,1,1,5,At Risk
CUST_00890,85,2,1249.29,3,1,2,6,Potential Loyalists
CUST_00891,183,2,1087.8600000000001,2,1,2,5,At Risk
CUST_00892,269,2,2316.11,1,1,2,4,At Risk
CUST_00893,47,5,2003.29,3,4,2,9,Loyal Customers
CUST_00894,162,5,1423.9,2,4,2,8,Loyal Customers
CUST_00895,127,1,799.48,2,1,1,4,At Risk
CUST_00896,47,2,1282.8600000000001,3,1,2,6,Potential Loyalists
CUST_00897,171,5,6411.04,2,4,4,10,Champions
CUST_00898,43,1,1231.66,3,1,2,6,Potential Loyalists
CUST_00899,186,5,30453.57,1,4,4,9,Loyal Customers
CUST_00900,22,10,7799.1900000000005,4,4,4,12,Champions
CUST_00901,90,4,4283.77,3,3,3,9,Loyal Customers
CUST_00902,171,1,180.96,2,1,1,4,At Risk
CUST_00903,20,5,7655.06,4,4,4,12,Champions
CUST_00904,283,3,4580.25,1,2,3,6,Potential Loyalists
CUST_00905,58,2,661.3199999999999,3,1,1,5,At Risk
CUST_00906,31,6,5463.87,4,4,3,11,Champions
CUST_00907,329,2,193.12,1,1,1,3,Needs Attention
CUST_00908,20,3,5936.15,4,2,4,10,Champions
CUST_00909,39,9,14365.42,4,4,4,12,Champions
CUST_00910,257,3,1025.2,1,2,2,5,At Risk
CUST_00911,30,3,2322.8,4,2,2,8,Loyal Customers
CUST_00912,72,2,3160.94,3,1,3,7,Potential Loyalists
CUST_00913,14,7,4360.400000000001,4,4,3,11,Champions
CUST_00914,27,6,14194.68,4,4,4,12,Champions
CUST_00915,390,2,1239.79,1,1,2,4,At Risk
CUST_00916,17,10,19346.75,4,4,4,12,Champions
CUST_00917,179,1,122.03,2,1,1,4,At Risk
CUST_00918,25,5,4147.0,4,4,3,11,Champions
CUST_00919,201,1,487.4,1,1,1,3,Needs Attention
CUST_00920,94,6,15802.97,3,4,4,11,Champions
CUST_00921,51,4,3100.95,3,3,3,9,Loyal Customers
CUST_00922,22,6,21858.78,4,4,4,12,Champions
CUST_00923,270,1,179.18,1,1,1,3,Needs Attention
CUST_00924,79,2,101.66,3,1,1,5,At Risk
CUST_00925,115,3,2945.91,2,2,3,7,Potential Loyalists
CUST_00926,14,5,5369.88,4,4,3,11,Champions
CUST_00927,21,10,18298.3,4,4,4,12,Champions
CUST_00928,138,2,901.3800000000001,2,1,2,5,At Risk
CUST_00929,43,3,1769.6599999999999,3,2,2,7,Potential Loyalists
CUST_00930,240,5,7661.23,1,4,4,9,Loyal Customers
CUST_00931,43,5,3782.24,3,4,3,10,Champions
CUST_00932,73,8,4574.44,3,4,3,10,Champions
CUST_00933,2,7,3877.21,4,4,3,11,Champions
CUST_00934,17,6,7009.469999999999,4,4,4,12,Champions
CUST_00935,115,2,8785.150000000001,2,1,4,7,Potential Loyalists
CUST_00936,69,2,343.54,3,1,1,5,At Risk
CUST_00937,33,9,15177.78,4,4,4,12,Champions
CUST_00938,240,3,1732.04,1,2,2,5,At Risk
CUST_00939,99,3,276.87,2,2,1,5,At Risk
CUST_00940,150,5,9449.84,2,4,4,10,Champions
CUST_00941,83,5,8273.55,3,4,4,11,Champions
CUST_00942,48,4,2584.1000000000004,3,3,3,9,Loyal Customers
CUST_00943,351,1,1536.15,1,1,2,4,At Risk
CUST_00944,32,2,539.6,4,1,1,6,Potential Loyalists
CUST_00945,64,2,538.8,3,1,1,5,At Risk
CUST_00946,22,4,2238.9,4,3,2,9,Loyal Customers
CUST_00947,415,1,1429.76,1,1,2,4,At Risk
CUST_00948,21,3,653.99,4,2,1,7,Potential Loyalists
CUST_00949,150,2,387.93,2,1,1,4,At Risk
CUST_00950,66,7,12064.04,3,4,4,11,Champions
CUST_00951,256,3,2923.58,1,2,3,6,Potential Loyalists
CUST_00952,216,3,449.48,1,2,1,4,At Risk
CUST_00953,57,5,3368.5099999999998,3,4,3,10,Champions
CUST_00954,10,1,2430.62,4,1,2,7,Potential Loyalists
CUST_00955,173,2,3817.0099999999998,2,1,3,6,Potential Loyalists
CUST_00956,79,5,3656.4700000000003,3,4,3,10,Champions
CUST_00957,109,3,2858.88,2,2,3,7,Potential Loyalists
CUST_00958,249,2,2132.67,1,1,2,4,At Risk
CUST_00959,3,3,473.52,4,2,1,7,Potential Loyalists
CUST_00960,80,1,1066.85,3,1,2,6,Potential Loyalists
CUST_00961,191,2,4757.59,1,1,3,5,At Risk
CUST_00962,322,2,14201.03,1,1,4,6,Potential Loyalists
CUST_00963,73,4,3916.07,3,3,3,9,Loyal Customers
CUST_00964,18,3,496.2,4,2,1,7,Potential Loyalists
CUST_00965,324,3,2508.01,1,2,3,6,Potential Loyalists
CUST_00966,86,9,35689.94,3,4,4,11,Champions
CUST_00967,108,6,4569.83,2,4,3,9,Loyal Customers
CUST_00968,56,6,22068.72,3,4,4,11,Champions
CUST_00969,62,6,26898.39,3,4,4,11,Champions
CUST_00970,7,7,4637.1900000000005,4,4,3,11,Champions
CUST_00971,89,1,1798.1,3,1,2,6,Potential Loyalists
CUST_00972,300,4,4165.82,1,3,3,7,Potential Loyalists
CUST_00973,102,8,18849.21,2,4,4,10,Champions
CUST_00974,240,1,56.43,1,1,1,3,Needs Attention
CUST_00975,176,5,5619.91,2,4,3,9,Loyal Customers
CUST_00976,125,3,2563.35,2,2,3,7,Potential Loyalists
CUST_00977,10,1,164.36,4,1,1,6,Potential Loyalists
CUST_00978,24,4,3135.39,4,3,3,10,Champions
CUST_00979,126,4,4467.04,2,3,3,8,Loyal Customers
CUST_00980,358,1,1002.27,1,1,2,4,At Risk
CUST_00981,36,4,5336.09,4,3,3,10,Champions
CUST_00982,93,3,2509.91,3,2,3,8,Loyal Customers
CUST_00983,103,3,4839.57,2,2,3,7,Potential Loyalists
CUST_00984,16,8,3430.3599999999997,4,4,3,11,Champions
CUST_00985,59,3,1768.08,3,2,2,7,Potential Loyalists
CUST_00986,315,1,628.03,1,1,1,3,Needs Attention
CUST_00987,168,1,436.25,2,1,1,4,At Risk
CUST_00988,238,1,88.2,1,1,1,3,Needs Attention
CUST_00989,50,4,8267.37,3,3,4,10,Champions
CUST_00990,85,6,13852.23,3,4,4,11,Champions
CUST_00991,27,3,980.24,4,2,2,8,Loyal Customers
CUST_00992,180,2,2397.15,2,1,2,5,At Risk
CUST_00993,21,7,6308.68,4,4,4,12,Champions
CUST_00994,242,1,203.19,1,1,1,3,Needs Attention
CUST_00995,114,4,3108.6,2,3,3,8,Loyal Customers
CUST_00996,205,2,295.34,1,1,1,3,Needs Attention
CUST_00997,335,1,351.29,1,1,1,3,Needs Attention
CUST_00998,296,2,1626.4199999999998,1,1,2,4,At Risk
CUST_00999,37,4,1375.0,4,3,2,9,Loyal Customers
CUST_01000,154,1,318.43,2,1,1,4,At Risk
CUST_01001,59,2,99.68,3,1,1,5,At Risk
CUST_01002,212,3,8906.04,1,2,4,7,Potential Loyalists
CUST_01003,63,2,643.03,3,1,1,5,At Risk
CUST_01004,22,2,509.02,4,1,1,6,Potential Loyalists
CUST_01005,22,5,24841.100000000002,4,4,4,12,Champions
CUST_01006,339,3,16050.4,1,2,4,7,Potential Loyalists
CUST_01007,110,2,10150.95,2,1,4,7,Potential Loyalists
CUST_01008,280,3,2469.34,1,2,2,5,At Risk
CUST_01009,52,7,7796.320000000001,3,4,4,11,Champions
CUST_01010,136,2,1590.27,2,1,2,5,At Risk
CUST_01011,49,2,7437.790000000001,3,1,4,8,Loyal Customers
CUST_01012,169,1,64.37,2,1,1,4,At Risk
CUST_01013,137,3,1041.9,2,2,2,6,Potential Loyalists
CUST_01014,324,2,2154.42,1,1,2,4,At Risk
CUST_01015,1,3,4826.88,4,2,3,9,Loyal Customers
CUST_01016,113,3,3345.95,2,2,3,7,Potential Loyalists
CUST_01017,88,6,1227.6799999999998,3,4,2,9,Loyal Customers
CUST_01018,145,1,418.27,2,1,1,4,At Risk
CUST_01019,41,8,7283.25,3,4,4,11,Champions
CUST_01020,25,8,2716.14,4,4,3,11,Champions
CUST_01021,18,7,12576.42,4,4,4,12,Champions
CUST_01022,410,1,85.56,1,1,1,3,Needs Attention
CUST_01023,205,2,234.63,1,1,1,3,Needs Attention
CUST_01024,58,6,3186.68,3,4,3,10,Champions
CUST_01025,107,3,1421.33,2,2,2,6,Potential Loyalists
CUST_01026,61,8,13985.02,3,4,4,11,Champions
CUST_01027,156,3,1723.3000000000002,2,2,2,6,Potential Loyalists
CUST_01028,360,2,771.87,1,1,1,3,Needs Attention
CUST_01029,153,1,292.3,2,1,1,4,At Risk
CUST_01030,68,4,3806.4700000000003,3,3,3,9,Loyal Customers
CUST_01031,29,9,10319.52,4,4,4,12,Champions
CUST_01032,407,1,89.1,1,1,1,3,Needs Attention
CUST_01033,69,5,9972.46,3,4,4,11,Champions
CUST_01034,85,5,4335.3,3,4,3,10,Champions
CUST_01035,140,5,7537.31,2,4,4,10,Champions
CUST_01036,51,6,3580.33,3,4,3,10,Champions
CUST_01037,4,4,12120.210000000001,4,3,4,11,Champions
CUST_01038,117,6,7543.75,2,4,4,10,Champions
CUST_01039,72,2,1774.26,3,1,2,6,Potential Loyalists
CUST_01040,131,2,657.45,2,1,1,4,At Risk
CUST_01041,192,3,334.12,1,2,1,4,At Risk
CUST_01042,42,3,635.1800000000001,3,2,1,6,Potential Loyalists
CUST_01043,318,3,5742.6,1,2,3,6,Potential Loyalists
CUST_01044,269,1,31.71,1,1,1,3,Needs Attention
CUST_01045,2,5,3422.0,4,4,3,11,Champions
CUST_01046,50,4,755.25,3,3,1,7,Potential Loyalists
CUST_01047,329,3,14946.46,1,2,4,7,Potential Loyalists
CUST_01048,38,4,3504.85,4,3,3,10,Champions
CUST_01049,16,8,19881.99,4,4,4,12,Champions
CUST_01050,6,8,7300.219999999999,4,4,4,12,Champions
CUST_01051,145,5,5951.95,2,4,4,10,Champions
CUST_01052,324,2,18086.87,1,1,4,6,Potential Loyalists
CUST_01053,178,7,2315.8,2,4,2,8,Loyal Customers
CUST_01054,117,3,8312.21,2,2,4,8,Loyal Customers
CUST_01055,147,3,13526.74,2,2,4,8,Loyal Customers
CUST_01056,3,5,5514.39,4,4,3,11,Champions
CUST_01057,111,4,9317.19,2,3,4,9,Loyal Customers
CUST_01058,104,3,3519.75,2,2,3,7,Potential Loyalists
CUST_01059,113,2,214.71,2,1,1,4,At Risk
CUST_01060,69,5,3232.79,3,4,3,10,Champions
CUST_01061,239,5,1580.91,1,4,2,7,Potential Loyalists
CUST_01062,27,7,24493.82,4,4,4,12,Champions
CUST_01063,106,3,7992.35,2,2,4,8,Loyal Customers
CUST_01064,198,2,7830.389999999999,1,1,4,6,Potential Loyalists
CUST_01065,200,3,1160.06,1,2,2,5,At Risk
CUST_01066,195,2,6496.88,1,1,4,6,Potential Loyalists
CUST_01067,24,7,17566.699999999997,4,4,4,12,Champions
CUST_01068,39,1,282.56,4,1,1,6,Potential Loyalists
CUST_01069,71,3,3109.96,3,2,3,8,Loyal Customers
CUST_01070,450,1,179.78,1,1,1,3,Needs Attention
CUST_01071,5,1,1297.14,4,1,2,7,Potential Loyalists
CUST_01072,287,3,1603.75,1,2,2,5,At Risk
CUST_01073,3,9,8680.95,4,4,4,12,Champions
CUST_01074,155,2,2557.06,2,1,3,6,Potential Loyalists
CUST_01075,59,3,2039.55,3,2,2,7,Potential Loyalists
CUST_01076,97,2,631.35,2,1,1,4,At Risk
CUST_01077,162,1,58.42,2,1,1,4,At Risk
CUST_01078,32,2,2462.98,4,1,2,7,Potential Loyalists
CUST_01079,21,6,3987.8,4,4,3,11,Champions
CUST_01080,35,2,212.65,4,1,1,6,Potential Loyalists
CUST_01081,2,6,20790.4,4,4,4,12,Champions
CUST_01082,3,1,1748.14,4,1,2,7,Potential Loyalists
CUST_01083,406,1,4616.1,1,1,3,5,At Risk
CUST_01084,74,1,118.54,3,1,1,5,At Risk
CUST_01085,22,2,149.86,4,1,1,6,Potential Loyalists
CUST_01086,94,9,11067.14,3,4,4,11,Champions
CUST_01087,69,8,9994.7,3,4,4,11,Champions
CUST_01088,184,4,4310.86,2,3,3,8,Loyal Customers
CUST_01089,305,2,874.85,1,1,1,3,Needs Attention
CUST_01090,118,1,1380.95,2,1,2,5,At Risk
CUST_01091,219,4,4100.5,1,3,3,7,Potential Loyalists
CUST_01092,133,2,11242.81,2,1,4,7,Potential Loyalists
CUST_01093,43,6,5343.84,3,4,3,10,Champions
CUST_01094,65,4,2121.56,3,3,2,8,Loyal Customers
CUST_01095,86,3,3370.17,3,2,3,8,Loyal Customers
CUST_01096,38,3,10049.46,4,2,4,10,Champions
CUST_01097,35,8,27389.45,4,4,4,12,Champions
CUST_01098,102,3,897.75,2,2,2,6,Potential Loyalists
CUST_01099,72,7,4061.72,3,4,3,10,Champions
CUST_01100,107,2,650.39,2,1,1,4,At Risk
CUST_01101,8,3,1625.34,4,2,2,8,Loyal Customers
CUST_01102,169,3,5772.0599999999995,2,2,3,7,Potential Loyalists
CUST_01103,188,2,1035.0,1,1,2,4,At Risk
CUST_01104,129,3,5826.07,2,2,4,8,Loyal Customers
CUST_01105,31,8,14769.94,4,4,4,12,Champions
CUST_01106,58,8,7438.6,3,4,4,11,Champions
CUST_01107,27,6,2006.49,4,4,2,10,Champions
CUST_01108,39,2,1142.57,4,1,2,7,Potential Loyalists
CUST_01109,6,2,1231.08,4,1,2,7,Potential Loyalists
CUST_01110,308,1,2040.93,1,1,2,4,At Risk
CUST_01111,108,10,6147.09,2,4,4,10,Champions
CUST_01112,426,1,960.76,1,1,2,4,At Risk
CUST_01113,379,1,813.59,1,1,1,3,Needs Attention
CUST_01114,130,2,1332.57,2,1,2,5,At Risk
CUST_01115,18,4,576.43,4,3,1,8,Loyal Customers
CUST_01116,144,5,5052.7,2,4,3,9,Loyal Customers
CUST_01117,298,1,481.64,1,1,1,3,Needs Attention
CUST_01118,434,1,237.4,1,1,1,3,Needs Attention
CUST_01119,117,2,3288.96,2,1,3,6,Potential Loyalists
CUST_01120,54,8,8041.15,3,4,4,11,Champions
CUST_01121,63,3,3601.2200000000003,3,2,3,8,Loyal Customers
CUST_01122,47,2,235.14,3,1,1,5,At Risk
CUST_01123,145,4,2162.06,2,3,2,7,Potential Loyalists
CUST_01124,232,3,4436.610000000001,1,2,3,6,Potential Loyalists
CUST_01125,271,1,132.24,1,1,1,3,Needs Attention
CUST_01126,150,4,2191.3100000000004,2,3,2,7,Potential Loyalists
CUST_01127,26,3,648.97,4,2,1,7,Potential Loyalists
CUST_01128,68,4,1305.38,3,3,2,8,Loyal Customers
CUST_01129,17,9,13652.469999999998,4,4,4,12,Champions
CUST_01130,103,9,16866.57,2,4,4,10,Champions
CUST_01131,348,3,2850.57,1,2,3,6,Potential Loyalists
CUST_01132,37,6,2899.48,4,4,3,11,Champions
CUST_01133,38,5,5374.04,4,4,3,11,Champions
CUST_01134,5,4,1951.5500000000002,4,3,2,9,Loyal Customers
CUST_01135,187,2,1139.99,1,1,2,4,At Risk
CUST_01136,66,5,7197.57,3,4,4,11,Champions
CUST_01137,35,3,1573.1100000000001,4,2,2,8,Loyal Customers
CUST_01138,90,4,7051.24,3,3,4,10,Champions
CUST_01139,58,5,1162.69,3,4,2,9,Loyal Customers
CUST_01140,19,5,12029.92,4,4,4,12,Champions
CUST_01141,23,3,2666.69,4,2,3,9,Loyal Customers
CUST_01142,214,5,15314.630000000001,1,4,4,9,Loyal Customers
CUST_01143,389,2,789.8199999999999,1,1,1,3,Needs Attention
CUST_01144,305,2,443.04999999999995,1,1,1,3,Needs Attention
CUST_01145,121,7,7311.2300000000005,2,4,4,10,Champions
CUST_01146,63,5,11791.93,3,4,4,11,Champions
CUST_01147,38,6,3240.96,4,4,3,11,Champions
CUST_01148,58,2,2768.0,3,1,3,7,Potential Loyalists
CUST_01149,179,2,5166.56,2,1,3,6,Potential Loyalists
CUST_01150,85,6,5153.86,3,4,3,10,Champions
CUST_01151,7,5,6166.43,4,4,4,12,Champions
CUST_01152,134,6,9319.65,2,4,4,10,Champions
CUST_01153,185,2,206.91,2,1,1,4,At Risk
CUST_01154,112,9,18130.23,2,4,4,10,Champions
CUST_01155,86,4,2045.06,3,3,2,8,Loyal Customers
CUST_01156,79,3,1704.81,3,2,2,7,Potential Loyalists
CUST_01157,42,8,6169.69,3,4,4,11,Champions
CUST_01158,173,2,673.37,2,1,1,4,At Risk
CUST_01159,13,4,578.5799999999999,4,3,1,8,Loyal Customers
CUST_01160,65,7,13451.95,3,4,4,11,Champions
CUST_01161,33,4,6414.67,4,3,4,11,Champions
CUST_01162,49,2,6119.12,3,1,4,8,Loyal Customers
CUST_01163,29,5,3067.0499999999997,4,4,3,11,Champions
CUST_01164,34,9,36842.41,4,4,4,12,Champions
CUST_01165,51,2,5624.2,3,1,3,7,Potential Loyalists
CUST_01166,27,2,1695.92,4,1,2,7,Potential Loyalists
CUST_01167,11,4,1916.4099999999999,4,3,2,9,Loyal Customers
CUST_01168,207,2,958.53,1,1,2,4,At Risk
CUST_01169,243,3,2079.79,1,2,2,5,At Risk
CUST_01170,17,10,17446.72,4,4,4,12,Champions
CUST_01171,112,2,814.92,2,1,1,4,At Risk
CUST_01172,221,3,4736.139999999999,1,2,3,6,Potential Loyalists
CUST_01173,46,7,2766.73,3,4,3,10,Champions
CUST_01174,44,4,4506.71,3,3,3,9,Loyal Customers
CUST_01175,163,2,2553.61,2,1,3,6,Potential Loyalists
CUST_01176,160,3,1555.1,2,2,2,6,Potential Loyalists
CUST_01177,18,3,3528.1400000000003,4,2,3,9,Loyal Customers
CUST_01178,149,3,2088.48,2,2,2,6,Potential Loyalists
CUST_01179,165,2,814.62,2,1,1,4,At Risk
CUST_01180,72,2,883.61,3,1,1,5,At Risk
CUST_01181,270,3,5697.4,1,2,3,6,Potential Loyalists
CUST_01182,124,3,6476.74,2,2,4,8,Loyal Customers
CUST_01183,23,5,5638.56,4,4,3,11,Champions
CUST_01184,283,2,1823.83,1,1,2,4,At Risk
CUST_01185,28,2,933.3199999999999,4,1,2,7,Potential Loyalists
CUST_01186,15,6,4929.09,4,4,3,11,Champions
CUST_01187,419,1,1768.04,1,1,2,4,At Risk
CUST_01188,59,3,5375.82,3,2,3,8,Loyal Customers
CUST_01189,162,5,2377.96,2,4,2,8,Loyal Customers
CUST_01190,25,4,3241.55,4,3,3,10,Champions
CUST_01191,115,9,8776.92,2,4,4,10,Champions
CUST_01192,413,2,3281.43,1,1,3,5,At Risk
CUST_01193,93,9,9417.97,3,4,4,11,Champions
CUST_01194,353,1,1294.59,1,1,2,4,At Risk
CUST_01195,4,3,1433.49,4,2,2,8,Loyal Customers
CUST_01196,17,1,8606.4,4,1,4,9,Loyal Customers
CUST_01197,328,2,1347.1299999999999,1,1,2,4,At Risk
CUST_01198,52,7,2162.83,3,4,2,9,Loyal Customers
CUST_01199,8,3,2031.9099999999999,4,2,2,8,Loyal Customers
CUST_01200,89,1,1968.78,3,1,2,6,Potential Loyalists
CUST_01201,16,2,1455.89,4,1,2,7,Potential Loyalists
CUST_01202,267,1,880.23,1,1,1,3,Needs Attention
CUST_01203,210,2,2062.42,1,1,2,4,At Risk
CUST_01204,259,2,637.43,1,1,1,3,Needs Attention
CUST_01205,9,5,2992.01,4,4,3,11,Champions
CUST_01206,143,6,4900.86,2,4,3,9,Loyal Customers
CUST_01207,239,1,8480.2,1,1,4,6,Potential Loyalists
CUST_01208,88,9,20905.190000000002,3,4,4,11,Champions
CUST_01209,24,2,8759.95,4,1,4,9,Loyal Customers
CUST_01210,110,3,4767.4800000000005,2,2,3,7,Potential Loyalists
CUST_01211,168,4,485.23999999999995,2,3,1,6,Potential Loyalists
CUST_01212,102,3,876.6899999999999,2,2,1,5,At Risk
CUST_01213,257,1,47.41,1,1,1,3,Needs Attention
CUST_01214,251,2,2399.5699999999997,1,1,2,4,At Risk
CUST_01215,116,3,1263.47,2,2,2,6,Potential Loyalists
CUST_01216,30,2,605.96,4,1,1,6,Potential Loyalists
CUST_01217,61,5,1306.51,3,4,2,9,Loyal Customers
CUST_01218,33,5,15960.17,4,4,4,12,Champions
CUST_01219,197,3,3088.43,1,2,3,6,Potential Loyalists
CUST_01220,278,2,5884.14,1,1,4,6,Potential Loyalists
CUST_01221,19,1,468.18,4,1,1,6,Potential Loyalists
CUST_01222,270,3,5085.56,1,2,3,6,Potential Loyalists
CUST_01223,138,3,770.27,2,2,1,5,At Risk
CUST_01224,108,5,11182.640000000001,2,4,4,10,Champions
CUST_01225,385,1,432.81,1,1,1,3,Needs Attention
CUST_01226,178,1,985.4,2,1,2,5,At Risk
CUST_01227,5,3,3941.2000000000003,4,2,3,9,Loyal Customers
CUST_01228,47,1,4999.35,3,1,3,7,Potential Loyalists
CUST_01229,62,4,499.31,3,3,1,7,Potential Loyalists
CUST_01230,25,10,15802.900000000001,4,4,4,12,Champions
CUST_01231,142,3,2697.15,2,2,3,7,Potential Loyalists
CUST_01232,173,2,1149.77,2,1,2,5,At Risk
CUST_01233,41,3,3147.1600000000003,3,2,3,8,Loyal Customers
CUST_01234,207,4,5101.83,1,3,3,7,Potential Loyalists
CUST_01235,213,3,1399.25,1,2,2,5,At Risk
CUST_01236,43,3,18240.98,3,2,4,9,Loyal Customers
CUST_01237,364,2,853.0799999999999,1,1,1,3,Needs Attention
CUST_01238,307,2,1375.67,1,1,2,4,At Risk
CUST_01239,23,6,7008.59,4,4,4,12,Champions
CUST_01240,20,7,3611.81,4,4,3,11,Champions
CUST_01241,307,1,295.66,1,1,1,3,Needs Attention
CUST_01242,31,4,3982.62,4,3,3,10,Champions
CUST_01243,320,1,556.16,1,1,1,3,Needs Attention
CUST_01244,99,2,5160.45,2,1,3,6,Potential Loyalists
CUST_01245,396,1,689.7,1,1,1,3,Needs Attention
CUST_01246,41,4,5295.3,3,3,3,9,Loyal Customers
CUST_01247,28,8,9011.99,4,4,4,12,Champions
CUST_01248,34,6,1339.96,4,4,2,10,Champions
CUST_01249,106,6,2641.15,2,4,3,9,Loyal Customers
CUST_01250,81,2,5158.3099999999995,3,1,3,7,Potential Loyalists
CUST_01251,3,6,2344.29,4,4,2,10,Champions
CUST_01252,93,5,1360.6299999999999,3,4,2,9,Loyal Customers
CUST_01253,32,3,418.89,4,2,1,7,Potential Loyalists
CUST_01254,303,1,77.43,1,1,1,3,Needs Attention
CUST_01255,125,4,2229.94,2,3,2,7,Potential Loyalists
CUST_01256,49,2,341.07,3,1,1,5,At Risk
CUST_01257,77,6,4484.58,3,4,3,10,Champions
CUST_01258,25,3,6633.0,4,2,4,10,Champions
CUST_01259,157,5,6613.17,2,4,4,10,Champions
CUST_01260,152,2,5432.97,2,1,3,6,Potential Loyalists
CUST_01261,160,1,6403.75,2,1,4,7,Potential Loyalists
CUST_01262,108,2,7070.48,2,1,4,7,Potential Loyalists
CUST_01263,3,6,7650.76,4,4,4,12,Champions
CUST_01264,235,2,3247.3199999999997,1,1,3,5,At Risk
CUST_01265,118,4,2709.51,2,3,3,8,Loyal Customers
CUST_01266,94,3,4251.02,2,2,3,7,Potential Loyalists
CUST_01267,1,3,4608.0599999999995,4,2,3,9,Loyal Customers
CUST_01268,5,6,3420.42,4,4,3,11,Champions
CUST_01269,86,5,3535.18,3,4,3,10,Champions
CUST_01270,53,6,6462.98,3,4,4,11,Champions
CUST_01271,301,1,785.86,1,1,1,3,Needs Attention
CUST_01272,176,2,1975.5,2,1,2,5,At Risk
CUST_01273,61,2,4834.0199999999995,3,1,3,7,Potential Loyalists
CUST_01274,72,4,10982.47,3,3,4,10,Champions
CUST_01275,4,2,3398.94,4,1,3,8,Loyal Customers
CUST_01276,281,2,258.95,1,1,1,3,Needs Attention
CUST_01277,1,3,3840.34,4,2,3,9,Loyal Customers
CUST_01278,179,7,5346.62,2,4,3,9,Loyal Customers
CUST_01279,183,6,2094.58,2,4,2,8,Loyal Customers
CUST_01280,65,2,2545.95,3,1,3,7,Potential Loyalists
CUST_01281,311,6,6269.99,1,4,4,9,Loyal Customers
CUST_01282,60,6,22258.16,3,4,4,11,Champions
CUST_01283,57,3,6087.21,3,2,4,9,Loyal Customers
CUST_01284,63,1,83.55,3,1,1,5,At Risk
CUST_01285,150,3,3170.42,2,2,3,7,Potential Loyalists
CUST_01286,119,2,437.67999999999995,2,1,1,4,At Risk
CUST_01287,133,1,553.93,2,1,1,4,At Risk
CUST_01288,169,2,620.99,2,1,1,4,At Risk
CUST_01289,164,2,801.52,2,1,1,4,At Risk
CUST_01290,142,1,102.26,2,1,1,4,At Risk
CUST_01291,81,3,4156.97,3,2,3,8,Loyal Customers
CUST_01292,146,2,1621.13,2,1,2,5,At Risk
CUST_01293,34,3,3366.94,4,2,3,9,Loyal Customers
CUST_01294,24,6,3998.36,4,4,3,11,Champions
CUST_01295,21,8,13646.740000000002,4,4,4,12,Champions
CUST_01296,180,1,1482.06,2,1,2,5,At Risk
CUST_01297,109,2,2925.8,2,1,3,6,Potential Loyalists
CUST_01298,4,6,6446.549999999999,4,4,4,12,Champions
CUST_01299,225,2,3526.92,1,1,3,5,At Risk
CUST_01300,117,2,496.86,2,1,1,4,At Risk
CUST_01301,79,6,7192.76,3,4,4,11,Champions
CUST_01302,134,3,4527.5,2,2,3,7,Potential Loyalists
CUST_01303,319,1,635.64,1,1,1,3,Needs Attention
CUST_01304,27,8,4969.42,4,4,3,11,Champions
CUST_01305,211,3,845.6500000000001,1,2,1,4,At Risk
CUST_01306,26,4,2119.28,4,3,2,9,Loyal Customers
CUST_01307,4,8,22137.199999999997,4,4,4,12,Champions
CUST_01308,56,4,9579.73,3,3,4,10,Champions
CUST_01309,43,5,3461.2200000000003,3,4,3,10,Champions
CUST_01310,332,2,1638.67,1,1,2,4,At Risk
CUST_01311,10,6,5723.21,4,4,3,11,Champions
CUST_01312,228,1,210.74,1,1,1,3,Needs Attention
CUST_01313,56,2,563.78,3,1,1,5,At Risk
CUST_01314,83,3,2050.41,3,2,2,7,Potential Loyalists
CUST_01315,354,1,82.64,1,1,1,3,Needs Attention
CUST_01316,168,3,4928.22,2,2,3,7,Potential Loyalists
CUST_01317,102,1,529.48,2,1,1,4,At Risk
CUST_01318,61,2,717.22,3,1,1,5,At Risk
CUST_01319,145,5,5787.13,2,4,3,9,Loyal Customers
CUST_01320,191,3,11587.47,1,2,4,7,Potential Loyalists
CUST_01321,138,2,2625.98,2,1,3,6,Potential Loyalists
CUST_01322,95,3,9604.98,2,2,4,8,Loyal Customers
CUST_01323,47,4,4033.66,3,3,3,9,Loyal Customers
CUST_01324,100,2,608.8699999999999,2,1,1,4,At Risk
CUST_01325,23,4,3049.86,4,3,3,10,Champions
CUST_01326,14,6,3549.2799999999997,4,4,3,11,Champions
CUST_01327,64,5,3061.1900000000005,3,4,3,10,Champions
CUST_01328,418,1,1909.16,1,1,2,4,At Risk
CUST_01329,1,5,3380.04,4,4,3,11,Champions
CUST_01330,130,2,2551.3199999999997,2,1,3,6,Potential Loyalists
CUST_01331,14,6,6788.68,4,4,4,12,Champions
CUST_01332,71,3,1001.42,3,2,2,7,Potential Loyalists
CUST_01333,33,5,2094.32,4,4,2,10,Champions
CUST_01334,87,5,1585.1,3,4,2,9,Loyal Customers
CUST_01335,263,2,191.60000000000002,1,1,1,3,Needs Attention
CUST_01336,41,4,1307.0900000000001,3,3,2,8,Loyal Customers
CUST_01337,289,2,207.70000000000002,1,1,1,3,Needs Attention
CUST_01338,192,5,4388.12,1,4,3,8,Loyal Customers
CUST_01339,76,7,3499.9,3,4,3,10,Champions
CUST_01340,107,1,132.65,2,1,1,4,At Risk
CUST_01341,148,1,5603.35,2,1,3,6,Potential Loyalists
CUST_01342,10,7,8088.509999999999,4,4,4,12,Champions
CUST_01343,39,1,3190.78,4,1,3,8,Loyal Customers
CUST_01344,43,4,632.8,3,3,1,7,Potential Loyalists
CUST_01345,227,2,373.09000000000003,1,1,1,3,Needs Attention
CUST_01346,23,5,929.55,4,4,2,10,Champions
CUST_01347,205,2,1186.68,1,1,2,4,At Risk
CUST_01348,22,4,10304.03,4,3,4,11,Champions
CUST_01349,46,6,9755.32,3,4,4,11,Champions
CUST_01350,220,1,40.4,1,1,1,3,Needs Attention
CUST_01351,259,1,538.15,1,1,1,3,Needs Attention
CUST_01352,96,5,6989.85,2,4,4,10,Champions
CUST_01353,94,2,2171.58,2,1,2,5,At Risk
CUST_01354,343,2,6429.36,1,1,4,6,Potential Loyalists
CUST_01355,435,1,70.56,1,1,1,3,Needs Attention
CUST_01356,80,2,490.53999999999996,3,1,1,5,At Risk
CUST_01357,142,3,1811.31,2,2,2,6,Potential Loyalists
CUST_01358,121,5,3868.4,2,4,3,9,Loyal Customers
CUST_01359,354,1,3080.41,1,1,3,5,At Risk
CUST_01360,125,2,585.3199999999999,2,1,1,4,At Risk
CUST_01361,37,3,1070.01,4,2,2,8,Loyal Customers
CUST_01362,51,7,3255.2400000000002,3,4,3,10,Champions
CUST_01363,9,3,3501.62,4,2,3,9,Loyal Customers
CUST_01364,409,1,245.86,1,1,1,3,Needs Attention
CUST_01365,99,8,10484.18,2,4,4,10,Champions
CUST_01366,231,1,4091.43,1,1,3,5,At Risk
CUST_01367,328,2,1184.6,1,1,2,4,At Risk
CUST_01368,215,3,1740.45,1,2,2,5,At Risk
CUST_01369,53,1,22.22,3,1,1,5,At Risk
CUST_01370,11,4,18439.08,4,3,4,11,Champions
CUST_01371,184,8,27115.530000000002,2,4,4,10,Champions
CUST_01372,18,10,5608.4,4,4,3,11,Champions
CUST_01373,26,2,1717.58,4,1,2,7,Potential Loyalists
CUST_01374,1,4,2770.62,4,3,3,10,Champions
CUST_01375,22,2,1575.63,4,1,2,7,Potential Loyalists
CUST_01376,99,4,3407.52,2,3,3,8,Loyal Customers
CUST_01377,9,2,1927.44,4,1,2,7,Potential Loyalists
CUST_01378,136,1,2132.85,2,1,2,5,At Risk
CUST_01379,306,1,31.53,1,1,1,3,Needs Attention
CUST_01380,117,1,523.25,2,1,1,4,At Risk
CUST_01381,51,2,1478.43,3,1,2,6,Potential Loyalists
CUST_01382,36,6,8450.95,4,4,4,12,Champions
CUST_01383,12,7,21058.02,4,4,4,12,Champions
CUST_01384,47,5,2228.4700000000003,3,4,2,9,Loyal Customers
CUST_01385,96,1,528.73,2,1,1,4,At Risk
CUST_01386,20,3,872.75,4,2,1,7,Potential Loyalists
CUST_01387,3,5,8892.11,4,4,4,12,Champions
CUST_01388,25,6,948.48,4,4,2,10,Champions
CUST_01389,35,3,3648.79,4,2,3,9,Loyal Customers
CUST_01390,321,2,2172.9900000000002,1,1,2,4,At Risk
CUST_01391,230,1,6578.58,1,1,4,6,Potential Loyalists
CUST_01392,360,1,234.5,1,1,1,3,Needs Attention
CUST_01393,1,5,4446.15,4,4,3,11,Champions
CUST_01394,20,1,1199.06,4,1,2,7,Potential Loyalists
CUST_01395,22,8,5492.36,4,4,3,11,Champions
CUST_01396,187,1,6791.8,1,1,4,6,Potential Loyalists
CUST_01397,307,3,472.3,1,2,1,4,At Risk
CUST_01398,16,3,3893.14,4,2,3,9,Loyal Customers
CUST_01399,55,1,18284.96,3,1,4,8,Loyal Customers
CUST_01400,110,2,1231.53,2,1,2,5,At Risk
CUST_01401,223,2,2501.35,1,1,3,5,At Risk
CUST_01402,72,5,2071.56,3,4,2,9,Loyal Customers
CUST_01403,115,6,8960.65,2,4,4,10,Champions
CUST_01404,40,4,1075.62,3,3,2,8,Loyal Customers
CUST_01405,84,7,6262.28,3,4,4,11,Champions
CUST_01406,415,1,150.74,1,1,1,3,Needs Attention
CUST_01407,216,1,215.35,1,1,1,3,Needs Attention
CUST_01408,44,2,259.19,3,1,1,5,At Risk
CUST_01409,257,3,1401.1299999999999,1,2,2,5,At Risk
CUST_01410,75,3,3625.22,3,2,3,8,Loyal Customers
CUST_01411,147,1,231.47,2,1,1,4,At Risk
CUST_01412,270,1,318.66,1,1,1,3,Needs Attention
CUST_01413,332,1,509.76,1,1,1,3,Needs Attention
CUST_01414,119,2,4118.24,2,1,3,6,Potential Loyalists
CUST_01415,30,3,1446.59,4,2,2,8,Loyal Customers
CUST_01416,101,2,1557.46,2,1,2,5,At Risk
CUST_01417,82,2,871.5699999999999,3,1,1,5,At Risk
CUST_01418,107,6,15000.19,2,4,4,10,Champions
CUST_01419,123,5,8632.880000000001,2,4,4,10,Champions
CUST_01420,36,5,4002.37,4,4,3,11,Champions
CUST_01421,40,6,6993.9,3,4,4,11,Champions
CUST_01422,14,2,415.9,4,1,1,6,Potential Loyalists
CUST_01423,15,6,5107.13,4,4,3,11,Champions
CUST_01424,81,3,929.06,3,2,2,7,Potential Loyalists
CUST_01425,54,4,1545.95,3,3,2,8,Loyal Customers
CUST_01426,154,1,918.48,2,1,2,5,At Risk
CUST_01427,54,3,991.8199999999999,3,2,2,7,Potential Loyalists
CUST_01428,141,2,2357.57,2,1,2,5,At Risk
CUST_01429,23,5,6503.9400000000005,4,4,4,12,Champions
CUST_01430,232,2,1417.3,1,1,2,4,At Risk
CUST_01431,368,1,334.55,1,1,1,3,Needs Attention
CUST_01432,3,9,11880.29,4,4,4,12,Champions
CUST_01433,79,3,2774.3599999999997,3,2,3,8,Loyal Customers
CUST_01434,303,1,326.34,1,1,1,3,Needs Attention
CUST_01435,72,10,16104.31,3,4,4,11,Champions
CUST_01436,105,6,3939.0699999999997,2,4,3,9,Loyal Customers
CUST_01437,308,3,3863.36,1,2,3,6,Potential Loyalists
CUST_01438,60,4,1393.44,3,3,2,8,Loyal Customers
CUST_01439,93,1,81.82,3,1,1,5,At Risk
CUST_01440,8,2,1947.9299999999998,4,1,2,7,Potential Loyalists
CUST_01441,189,1,166.42,1,1,1,3,Needs Attention
CUST_01442,5,2,2354.32,4,1,2,7,Potential Loyalists
CUST_01443,25,6,10539.84,4,4,4,12,Champions
CUST_01444,115,4,20730.11,2,3,4,9,Loyal Customers
CUST_01445,82,3,1853.96,3,2,2,7,Potential Loyalists
CUST_01446,197,2,790.8599999999999,1,1,1,3,Needs Attention
CUST_01447,162,1,2966.42,2,1,3,6,Potential Loyalists
CUST_01448,264,2,5563.580000000001,1,1,3,5,At Risk
CUST_01449,140,4,4170.139999999999,2,3,3,8,Loyal Customers
CUST_01450,336,1,292.9,1,1,1,3,Needs Attention
CUST_01451,256,1,3346.95,1,1,3,5,At Risk
CUST_01452,130,2,2110.1,2,1,2,5,At Risk
CUST_01453,92,1,395.33,3,1,1,5,At Risk
CUST_01454,67,5,2823.9399999999996,3,4,3,10,Champions
CUST_01455,71,7,4651.17,3,4,3,10,Champions
CUST_01456,184,4,5940.030000000001,2,3,4,9,Loyal Customers
CUST_01457,76,2,308.15999999999997,3,1,1,5,At Risk
CUST_01458,135,4,2035.49,2,3,2,7,Potential Loyalists
CUST_01459,10,3,2211.5499999999997,4,2,2,8,Loyal Customers
CUST_01460,10,4,6088.59,4,3,4,11,Champions
CUST_01461,15,5,1625.55,4,4,2,10,Champions
CUST_01462,99,4,5477.99,2,3,3,8,Loyal Customers
CUST_01463,92,4,2776.41,3,3,3,9,Loyal Customers
CUST_01464,14,4,1651.7,4,3,2,9,Loyal Customers
CUST_01465,13,8,7067.679999999999,4,4,4,12,Champions
CUST_01466,76,8,8267.77,3,4,4,11,Champions
CUST_01467,91,3,1869.72,3,2,2,7,Potential Loyalists
CUST_01468,117,2,2380.17,2,1,2,5,At Risk
CUST_01469,21,4,1433.66,4,3,2,9,Loyal Customers
CUST_01470,118,2,720.8599999999999,2,1,1,4,At Risk
CUST_01471,146,5,10199.11,2,4,4,10,Champions
CUST_01472,34,3,1183.6000000000001,4,2,2,8,Loyal Customers
CUST_01473,180,3,6089.57,2,2,4,8,Loyal Customers
CUST_01474,47,4,9824.49,3,3,4,10,Champions
CUST_01475,198,2,365.21,1,2,1,4,At Risk
CUST_01476,80,1,126.99,3,1,1,5,At Risk
CUST_01477,63,6,3412.38,3,4,3,10,Champions
CUST_01478,130,5,12583.589999999998,2,4,4,10,Champions
CUST_01479,160,2,1745.14,2,2,2,6,Potential Loyalists
CUST_01480,417,1,217.8,1,1,1,3,Needs Attention
CUST_01481,15,4,3892.26,4,3,3,10,Champions
CUST_01482,77,10,10514.45,3,4,4,11,Champions
CUST_01483,5,4,11137.53,4,3,4,11,Champions
CUST_01484,11,7,4800.33,4,4,3,11,Champions
CUST_01485,296,1,146.1,1,1,1,3,Needs Attention
CUST_01486,49,6,4082.75,3,4,3,10,Champions
CUST_01487,16,2,3143.6499999999996,4,2,3,9,Loyal Customers
CUST_01488,294,2,660.61,1,2,1,4,At Risk
CUST_01489,77,3,3836.8999999999996,3,2,3,8,Loyal Customers
CUST_01490,51,2,862.24,3,2,1,6,Potential Loyalists
CUST_01491,20,4,1380.67,4,3,2,9,Loyal Customers
CUST_01492,10,1,282.83,4,1,1,6,Potential Loyalists
CUST_01493,31,6,4541.6,4,4,3,11,Champions
CUST_01494,203,4,2868.2599999999998,1,3,3,7,Potential Loyalists
CUST_01495,107,3,1561.8000000000002,2,2,2,6,Potential Loyalists
CUST_01496,404,2,856.43,1,2,1,4,At Risk
CUST_01497,192,1,186.22,1,1,1,3,Needs Attention
CUST_01498,32,2,20402.25,4,2,4,10,Champions
CUST_01499,335,1,127.11,1,1,1,3,Needs Attention
CUST_01500,92,5,4071.25,3,4,3,10,Champions
CUST_01501,319,1,487.98,1,1,1,3,Needs Attention
CUST_01502,171,3,3689.4300000000003,2,2,3,7,Potential Loyalists
CUST_01503,61,5,2441.6899999999996,3,4,2,9,Loyal Customers
CUST_01504,16,6,8593.95,4,4,4,12,Champions
CUST_01505,9,5,12241.81,4,4,4,12,Champions
CUST_01506,34,5,3661.89,4,4,3,11,Champions
CUST_01507,121,3,4019.58,2,2,3,7,Potential Loyalists
CUST_01508,92,8,14331.91,3,4,4,11,Champions
CUST_01509,24,9,18795.72,4,4,4,12,Champions
CUST_01510,114,2,994.05,2,2,2,6,Potential Loyalists
CUST_01511,13,8,15765.400000000001,4,4,4,12,Champions
CUST_01512,243,2,202.8,1,2,1,4,At Risk
CUST_01513,110,8,11739.64,2,4,4,10,Champions
CUST_01514,247,2,630.62,1,2,1,4,At Risk
CUST_01515,258,2,1039.1399999999999,1,2,2,5,At Risk
CUST_01516,381,1,7340.28,1,1,4,6,Potential Loyalists
CUST_01517,39,5,4739.74,4,4,3,11,Champions
CUST_01518,56,6,4960.219999999999,3,4,3,10,Champions
CUST_01519,418,1,338.1,1,1,1,3,Needs Attention
CUST_01520,110,3,5010.21,2,2,3,7,Potential Loyalists
CUST_01521,131,3,716.88,2,2,1,5,At Risk
CUST_01522,87,3,6606.4400000000005,3,2,4,9,Loyal Customers
CUST_01523,48,9,4877.35,3,4,3,10,Champions
CUST_01524,124,4,3291.5299999999997,2,3,3,8,Loyal Customers
CUST_01525,319,1,143.38,1,1,1,3,Needs Attention
CUST_01526,219,1,748.9,1,1,1,3,Needs Attention
CUST_01527,42,5,17642.83,3,4,4,11,Champions
CUST_01528,81,1,1032.57,3,1,2,6,Potential Loyalists
CUST_01529,143,3,1392.35,2,2,2,6,Potential Loyalists
CUST_01530,282,1,100.49,1,1,1,3,Needs Attention
CUST_01531,214,3,519.39,1,2,1,4,At Risk
CUST_01532,123,2,760.12,2,2,1,5,At Risk
CUST_01533,7,3,2614.17,4,2,3,9,Loyal Customers
CUST_01534,17,1,707.97,4,1,1,6,Potential Loyalists
CUST_01535,109,3,3368.55,2,2,3,7,Potential Loyalists
CUST_01536,334,2,5419.69,1,2,3,6,Potential Loyalists
CUST_01537,8,6,12384.09,4,4,4,12,Champions
CUST_01538,45,9,5426.32,3,4,3,10,Champions
CUST_01539,320,2,158.96,1,2,1,4,At Risk
CUST_01540,330,1,8530.4,1,1,4,6,Potential Loyalists
CUST_01541,375,1,2309.4,1,1,2,4,At Risk
CUST_01542,14,3,2485.48,4,2,2,8,Loyal Customers
CUST_01543,67,3,4263.37,3,2,3,8,Loyal Customers
CUST_01544,121,2,1049.79,2,2,2,6,Potential Loyalists
CUST_01545,26,2,968.9399999999999,4,2,2,8,Loyal Customers
CUST_01546,66,3,650.58,3,2,1,6,Potential Loyalists
CUST_01547,13,4,3143.85,4,3,3,10,Champions
CUST_01548,57,8,5292.26,3,4,3,10,Champions
CUST_01549,6,5,13348.1,4,4,4,12,Champions
CUST_01550,200,2,3374.46,1,2,3,6,Potential Loyalists
CUST_01551,15,2,3168.75,4,2,3,9,Loyal Customers
CUST_01552,110,3,948.63,2,2,2,6,Potential Loyalists
CUST_01553,117,1,3179.82,2,1,3,6,Potential Loyalists
CUST_01554,37,6,3562.77,4,4,3,11,Champions
CUST_01555,50,1,1663.17,3,1,2,6,Potential Loyalists
CUST_01556,379,2,4539.3,1,2,3,6,Potential Loyalists
CUST_01557,135,4,6007.92,2,3,4,9,Loyal Customers
CUST_01558,11,5,12753.4,4,4,4,12,Champions
CUST_01559,56,4,2079.16,3,3,2,8,Loyal Customers
CUST_01560,6,8,2720.1,4,4,3,11,Champions
CUST_01561,6,3,15423.039999999999,4,2,4,10,Champions
CUST_01562,9,6,20035.94,4,4,4,12,Champions
CUST_01563,94,2,428.9,2,2,1,5,At Risk
CUST_01564,136,3,3961.1800000000003,2,2,3,7,Potential Loyalists
CUST_01565,29,3,849.6,4,2,1,7,Potential Loyalists
CUST_01566,181,1,2671.96,2,1,3,6,Potential Loyalists
CUST_01567,18,3,534.26,4,2,1,7,Potential Loyalists
CUST_01568,280,1,1778.32,1,1,2,4,At Risk
CUST_01569,18,3,1122.94,4,2,2,8,Loyal Customers
CUST_01570,101,2,11421.7,2,2,4,8,Loyal Customers
CUST_01571,28,4,1182.49,4,3,2,9,Loyal Customers
CUST_01572,101,9,8133.74,2,4,4,10,Champions
CUST_01573,3,2,50628.15,4,2,4,10,Champions
CUST_01574,56,3,1189.93,3,2,2,7,Potential Loyalists
CUST_01575,199,3,409.42,1,2,1,4,At Risk
CUST_01576,175,3,10467.8,2,2,4,8,Loyal Customers
CUST_01577,48,7,797.35,3,4,1,8,Loyal Customers
CUST_01578,394,1,16999.5,1,1,4,6,Potential Loyalists
CUST_01579,98,10,11849.67,2,4,4,10,Champions
CUST_01580,61,1,46.52,3,1,1,5,At Risk
CUST_01581,340,2,499.25,1,2,1,4,At Risk
CUST_01582,147,6,8717.36,2,4,4,10,Champions
CUST_01583,245,1,118.92,1,1,1,3,Needs Attention
CUST_01584,84,3,1131.1299999999999,3,2,2,7,Potential Loyalists
CUST_01585,56,6,7779.780000000001,3,4,4,11,Champions
CUST_01586,44,6,12558.11,3,4,4,11,Champions
CUST_01587,378,2,902.69,1,2,2,5,At Risk
CUST_01588,75,3,1560.3300000000002,3,2,2,7,Potential Loyalists
CUST_01589,95,4,10523.35,2,3,4,9,Loyal Customers
CUST_01590,326,2,19134.350000000002,1,2,4,7,Potential Loyalists
CUST_01591,108,5,7479.650000000001,2,4,4,10,Champions
CUST_01592,72,6,5865.1900000000005,3,4,4,11,Champions
CUST_01593,52,4,5333.83,3,3,3,9,Loyal Customers
CUST_01594,21,10,4584.62,4,4,3,11,Champions
CUST_01595,130,3,6014.27,2,2,4,8,Loyal Customers
CUST_01596,23,2,317.64,4,2,1,7,Potential Loyalists
CUST_01597,197,2,18121.7,1,2,4,7,Potential Loyalists
CUST_01598,170,1,182.26,2,1,1,4,At Risk
CUST_01599,307,2,891.8399999999999,1,2,2,5,At Risk
CUST_01600,9,4,16287.83,4,3,4,11,Champions
CUST_01601,188,1,168.53,1,1,1,3,Needs Attention
CUST_01602,96,7,1769.4299999999998,2,4,2,8,Loyal Customers
CUST_01603,62,2,1930.9099999999999,3,2,2,7,Potential Loyalists
CUST_01604,305,1,5879.99,1,1,4,6,Potential Loyalists
CUST_01605,325,1,79.35,1,1,1,3,Needs Attention
CUST_01606,340,1,391.36,1,1,1,3,Needs Attention
CUST_01607,379,3,2149.34,1,2,2,5,At Risk
CUST_01608,314,2,159.54,1,2,1,4,At Risk
CUST_01609,145,3,2121.0,2,2,2,6,Potential Loyalists
CUST_01610,207,1,434.57,1,1,1,3,Needs Attention
CUST_01611,86,2,1915.44,3,2,2,7,Potential Loyalists
CUST_01612,14,2,2238.28,4,2,2,8,Loyal Customers
CUST_01613,90,5,951.38,3,4,2,9,Loyal Customers
CUST_01614,90,5,6376.92,3,4,4,11,Champions
CUST_01615,185,3,1161.02,2,2,2,6,Potential Loyalists
CUST_01616,265,1,1143.72,1,1,2,4,At Risk
CUST_01617,232,1,361.78,1,1,1,3,Needs Attention
CUST_01618,256,3,7114.42,1,2,4,7,Potential Loyalists
CUST_01619,307,1,125.76,1,1,1,3,Needs Attention
CUST_01620,148,1,59.95,2,1,1,4,At Risk
CUST_01621,53,1,839.52,3,1,1,5,At Risk
CUST_01622,233,3,2881.36,1,2,3,6,Potential Loyalists
CUST_01623,260,2,267.03,1,2,1,4,At Risk
CUST_01624,80,6,17034.61,3,4,4,11,Champions
CUST_01625,129,3,4195.55,2,2,3,7,Potential Loyalists
CUST_01626,186,3,3389.12,1,2,3,6,Potential Loyalists
CUST_01627,59,2,658.7,3,2,1,6,Potential Loyalists
CUST_01628,370,2,647.05,1,2,1,4,At Risk
CUST_01629,329,1,220.01,1,1,1,3,Needs Attention
CUST_01630,69,3,3405.15,3,2,3,8,Loyal Customers
CUST_01631,126,3,3062.5200000000004,2,2,3,7,Potential Loyalists
CUST_01632,251,4,1191.22,1,3,2,6,Potential Loyalists
CUST_01633,62,5,13860.95,3,4,4,11,Champions
CUST_01634,118,2,664.3900000000001,2,2,1,5,At Risk
CUST_01635,7,3,7377.57,4,2,4,10,Champions
CUST_01636,3,6,2506.65,4,4,3,11,Champions
CUST_01637,277,3,770.7,1,2,1,4,At Risk
CUST_01638,390,2,4846.0599999999995,1,2,3,6,Potential Loyalists
CUST_01639,237,4,1816.51,1,3,2,6,Potential Loyalists
CUST_01640,59,5,4744.07,3,4,3,10,Champions
CUST_01641,382,1,297.96,1,1,1,3,Needs Attention
CUST_01642,135,5,2950.05,2,4,3,9,Loyal Customers
CUST_01643,147,3,540.1,2,2,1,5,At Risk
CUST_01644,22,7,10510.86,4,4,4,12,Champions
CUST_01645,29,4,1146.22,4,3,2,9,Loyal Customers
CUST_01646,415,1,326.45,1,1,1,3,Needs Attention
CUST_01647,101,4,5173.51,2,3,3,8,Loyal Customers
CUST_01648,19,6,2291.05,4,4,2,10,Champions
CUST_01649,104,5,1695.47,2,4,2,8,Loyal Customers
CUST_01650,20,3,632.5,4,2,1,7,Potential Loyalists
CUST_01651,35,7,9925.92,4,4,4,12,Champions
CUST_01652,125,2,5755.41,2,2,3,7,Potential Loyalists
CUST_01653,150,2,3891.2599999999998,2,2,3,7,Potential Loyalists
CUST_01654,410,1,2605.35,1,1,3,5,At Risk
CUST_01655,42,1,425.02,3,1,1,5,At Risk
CUST_01656,67,5,2716.4500000000003,3,4,3,10,Champions
CUST_01657,41,2,236.13,3,2,1,6,Potential Loyalists
CUST_01658,221,1,183.36,1,1,1,3,Needs Attention
CUST_01659,225,2,657.65,1,2,1,4,At Risk
CUST_01660,89,2,3945.52,3,2,3,8,Loyal Customers
CUST_01661,49,2,635.1700000000001,3,2,1,6,Potential Loyalists
CUST_01662,71,8,12941.81,3,4,4,11,Champions
CUST_01663,5,4,1269.99,4,3,2,9,Loyal Customers
CUST_01664,329,2,653.8399999999999,1,2,1,4,At Risk
CUST_01665,87,2,785.46,3,2,1,6,Potential Loyalists
CUST_01666,330,2,481.45000000000005,1,2,1,4,At Risk
CUST_01667,195,4,8014.280000000001,1,3,4,8,Loyal Customers
CUST_01668,56,3,3063.41,3,2,3,8,Loyal Customers
CUST_01669,145,3,11876.57,2,2,4,8,Loyal Customers
CUST_01670,5,2,922.0200000000001,4,2,2,8,Loyal Customers
CUST_01671,180,4,4361.99,2,3,3,8,Loyal Customers
CUST_01672,4,5,13805.449999999999,4,4,4,12,Champions
CUST_01673,38,8,15520.9,4,4,4,12,Champions
CUST_01674,368,1,2887.12,1,1,3,5,At Risk
CUST_01675,183,2,2938.2400000000002,2,2,3,7,Potential Loyalists
CUST_01676,101,3,15970.85,2,2,4,8,Loyal Customers
CUST_01677,213,2,1475.42,1,2,2,5,At Risk
CUST_01678,38,1,3119.14,4,1,3,8,Loyal Customers
CUST_01679,147,2,9139.32,2,2,4,8,Loyal Customers
CUST_01680,290,2,2871.64,1,2,3,6,Potential Loyalists
CUST_01681,99,1,420.43,2,1,1,4,At Risk
CUST_01682,66,10,6633.22,3,4,4,11,Champions
CUST_01683,139,1,2847.85,2,1,3,6,Potential Loyalists
CUST_01684,51,3,773.47,3,2,1,6,Potential Loyalists
CUST_01685,224,3,3825.6499999999996,1,2,3,6,Potential Loyalists
CUST_01686,98,3,625.06,2,2,1,5,At Risk
CUST_01687,262,4,6368.79,1,3,4,8,Loyal Customers
CUST_01688,124,3,540.72,2,2,1,5,At Risk
CUST_01689,270,2,5705.780000000001,1,2,3,6,Potential Loyalists
CUST_01690,6,2,1140.0300000000002,4,2,2,8,Loyal Customers
CUST_01691,28,4,3310.31,4,3,3,10,Champions
CUST_01692,10,10,8738.84,4,4,4,12,Champions
CUST_01693,129,5,5272.039999999999,2,4,3,9,Loyal Customers
CUST_01694,82,2,369.53999999999996,3,2,1,6,Potential Loyalists
CUST_01695,60,8,4495.139999999999,3,4,3,10,Champions
CUST_01696,102,1,1904.65,2,1,2,5,At Risk
CUST_01697,73,2,1136.69,3,2,2,7,Potential Loyalists
CUST_01698,151,4,1511.6200000000003,2,3,2,7,Potential Loyalists
CUST_01699,106,3,11059.220000000001,2,3,4,9,Loyal Customers
CUST_01700,172,2,12536.23,2,2,4,8,Loyal Customers
CUST_01701,135,5,3795.5500000000006,2,4,3,9,Loyal Customers
CUST_01702,39,2,3934.92,4,2,3,9,Loyal Customers
CUST_01703,63,3,1149.1499999999999,3,3,2,8,Loyal Customers
CUST_01704,76,4,845.55,3,3,1,7,Potential Loyalists
CUST_01705,19,1,96.92,4,1,1,6,Potential Loyalists
CUST_01706,148,1,365.58,2,1,1,4,At Risk
CUST_01707,26,6,4351.96,4,4,3,11,Champions
CUST_01708,51,2,3712.06,3,2,3,8,Loyal Customers
CUST_01709,379,2,863.3299999999999,1,2,1,4,At Risk
CUST_01710,59,3,591.7,3,3,1,7,Potential Loyalists
CUST_01711,77,4,10336.96,3,3,4,10,Champions
CUST_01712,234,2,1171.6100000000001,1,2,2,5,At Risk
CUST_01713,128,1,77.24,2,1,1,4,At Risk
CUST_01714,80,5,1541.78,3,4,2,9,Loyal Customers
CUST_01715,432,1,9509.56,1,1,4,6,Potential Loyalists
CUST_01716,325,1,849.93,1,1,1,3,Needs Attention
CUST_01717,174,3,5408.92,2,3,3,8,Loyal Customers
CUST_01718,4,1,75.78,4,1,1,6,Potential Loyalists
CUST_01719,190,2,11182.01,1,2,4,7,Potential Loyalists
CUST_01720,72,6,7092.41,3,4,4,11,Champions
CUST_01721,17,2,427.77,4,2,1,7,Potential Loyalists
CUST_01722,86,1,126.04,3,1,1,5,At Risk
CUST_01723,7,2,922.4200000000001,4,2,2,8,Loyal Customers
CUST_01724,333,2,234.20999999999998,1,2,1,4,At Risk
CUST_01725,114,4,3293.03,2,3,3,8,Loyal Customers
CUST_01726,190,3,4887.759999999999,1,3,3,7,Potential Loyalists
CUST_01727,19,6,7457.889999999999,4,4,4,12,Champions
CUST_01728,171,3,3187.34,2,3,3,8,Loyal Customers
CUST_01729,112,1,252.29,2,1,1,4,At Risk
CUST_01730,323,1,801.42,1,1,1,3,Needs Attention
CUST_01731,100,5,4477.55,2,4,3,9,Loyal Customers
CUST_01732,382,1,1450.22,1,1,2,4,At Risk
CUST_01733,65,6,7897.490000000001,3,4,4,11,Champions
CUST_01734,15,8,6154.68,4,4,4,12,Champions
CUST_01735,166,2,1416.12,2,2,2,6,Potential Loyalists
CUST_01736,338,3,689.7,1,3,1,5,At Risk
CUST_01737,140,2,836.49,2,2,1,5,At Risk
CUST_01738,23,6,4728.26,4,4,3,11,Champions
CUST_01739,107,3,3012.4700000000003,2,3,3,8,Loyal Customers
CUST_01740,86,3,4321.8,3,3,3,9,Loyal Customers
CUST_01741,101,1,268.4,2,1,1,4,At Risk
CUST_01742,25,9,6804.28,4,4,4,12,Champions
CUST_01743,360,2,3498.17,1,2,3,6,Potential Loyalists
CUST_01744,4,10,4478.59,4,4,3,11,Champions
CUST_01745,33,2,1946.0600000000002,4,2,2,8,Loyal Customers
CUST_01746,34,3,5042.94,4,3,3,10,Champions
CUST_01747,1,1,138.41,4,1,1,6,Potential Loyalists
CUST_01748,31,6,4439.01,4,4,3,11,Champions
CUST_01749,2,4,5097.71,4,3,3,10,Champions
CUST_01750,5,4,1646.36,4,3,2,9,Loyal Customers
CUST_01751,173,1,134.7,2,1,1,4,At Risk
CUST_01752,78,3,1854.7200000000003,3,3,2,8,Loyal Customers
CUST_01753,59,7,9302.449999999999,3,4,4,11,Champions
CUST_01754,210,3,685.21,1,3,1,5,At Risk
CUST_01755,10,2,351.52,4,2,1,7,Potential Loyalists
CUST_01756,92,3,11843.630000000001,3,3,4,10,Champions
CUST_01757,118,1,610.62,2,1,1,4,At Risk
CUST_01758,7,5,5818.46,4,4,4,12,Champions
CUST_01759,21,5,3109.86,4,4,3,11,Champions
CUST_01760,146,4,7152.14,2,3,4,9,Loyal Customers
CUST_01761,6,6,6538.05,4,4,4,12,Champions
CUST_01762,138,3,532.27,2,3,1,6,Potential Loyalists
CUST_01763,44,1,501.75,3,1,1,5,At Risk
CUST_01764,125,1,65.48,2,1,1,4,At Risk
CUST_01765,39,2,1099.75,4,2,2,8,Loyal Customers
CUST_01766,263,2,555.12,1,2,1,4,At Risk
CUST_01767,23,2,1294.1799999999998,4,2,2,8,Loyal Customers
CUST_01768,5,4,2047.75,4,3,2,9,Loyal Customers
CUST_01769,422,1,58.04,1,1,1,3,Needs Attention
CUST_01770,115,2,269.15,2,2,1,5,At Risk
CUST_01771,324,2,807.09,1,2,1,4,At Risk
CUST_01772,1,4,1522.55,4,3,2,9,Loyal Customers
CUST_01773,134,2,994.44,2,2,2,6,Potential Loyalists
CUST_01774,198,3,544.72,1,3,1,5,At Risk
CUST_01775,98,5,3149.23,2,4,3,9,Loyal Customers
CUST_01776,1,10,6268.67,4,4,4,12,Champions
CUST_01777,40,3,3794.4,3,3,3,9,Loyal Customers
CUST_01778,336,1,224.0,1,1,1,3,Needs Attention
CUST_01779,62,6,8006.74,3,4,4,11,Champions
CUST_01780,146,3,949.04,2,3,2,7,Potential Loyalists
CUST_01781,28,7,6501.05,4,4,4,12,Champions
CUST_01782,129,7,4976.92,2,4,3,9,Loyal Customers
CUST_01783,60,3,4207.53,3,3,3,9,Loyal Customers
CUST_01784,51,3,1750.01,3,3,2,8,Loyal Customers
CUST_01785,32,7,18620.87,4,4,4,12,Champions
CUST_01786,203,5,1436.2,1,4,2,7,Potential Loyalists
CUST_01787,117,10,11068.92,2,4,4,10,Champions
CUST_01788,393,1,177.04,1,1,1,3,Needs Attention
CUST_01789,429,1,107.2,1,1,1,3,Needs Attention
CUST_01790,130,2,7756.98,2,2,4,8,Loyal Customers
CUST_01791,235,2,5491.08,1,2,3,6,Potential Loyalists
CUST_01792,130,2,4042.25,2,2,3,7,Potential Loyalists
CUST_01793,60,1,242.32,3,1,1,5,At Risk
CUST_01794,152,2,4148.67,2,2,3,7,Potential Loyalists
CUST_01795,424,1,1277.01,1,1,2,4,At Risk
CUST_01796,1,6,10010.659999999998,4,4,4,12,Champions
CUST_01797,347,1,1531.8,1,1,2,4,At Risk
CUST_01798,156,4,3683.0600000000004,2,3,3,8,Loyal Customers
CUST_01799,131,1,478.5,2,1,1,4,At Risk
CUST_01800,63,5,5610.5599999999995,3,4,3,10,Champions
CUST_01801,38,2,5375.01,4,2,3,9,Loyal Customers
CUST_01802,154,2,2454.27,2,2,2,6,Potential Loyalists
CUST_01803,369,2,209.64000000000001,1,2,1,4,At Risk
CUST_01804,71,3,11926.81,3,3,4,10,Champions
CUST_01805,45,4,2259.84,3,3,2,8,Loyal Customers
CUST_01806,297,3,5931.88,1,3,4,8,Loyal Customers
CUST_01807,175,3,684.36,2,3,1,6,Potential Loyalists
CUST_01808,132,4,2035.0100000000002,2,3,2,7,Potential Loyalists
CUST_01809,39,2,1129.9299999999998,4,2,2,8,Loyal Customers
CUST_01810,103,2,1654.19,2,2,2,6,Potential Loyalists
CUST_01811,111,3,3715.19,2,3,3,8,Loyal Customers
CUST_01812,33,4,6708.21,4,3,4,11,Champions
CUST_01813,5,5,3249.46,4,4,3,11,Champions
CUST_01814,101,2,1177.6599999999999,2,2,2,6,Potential Loyalists
CUST_01815,232,1,278.26,1,1,1,3,Needs Attention
CUST_01816,4,9,36557.270000000004,4,4,4,12,Champions
CUST_01817,5,4,2925.05,4,3,3,10,Champions
CUST_01818,187,3,5081.17,1,3,3,7,Potential Loyalists
CUST_01819,93,2,578.91,3,2,1,6,Potential Loyalists
CUST_01820,85,6,3652.6,3,4,3,10,Champions
CUST_01821,115,3,1485.25,2,3,2,7,Potential Loyalists
CUST_01822,56,3,5681.09,3,3,3,9,Loyal Customers
CUST_01823,170,2,644.52,2,2,1,5,At Risk
CUST_01824,164,3,1282.33,2,3,2,7,Potential Loyalists
CUST_01825,1,1,1085.45,4,1,2,7,Potential Loyalists
CUST_01826,91,2,984.82,3,2,2,7,Potential Loyalists
CUST_01827,6,4,7032.049999999999,4,3,4,11,Champions
CUST_01828,240,2,3087.64,1,2,3,6,Potential Loyalists
CUST_01829,367,1,380.54,1,1,1,3,Needs Attention
CUST_01830,58,6,9596.83,3,4,4,11,Champions
CUST_01831,13,9,23476.109999999997,4,4,4,12,Champions
CUST_01832,7,3,4634.0,4,3,3,10,Champions
CUST_01833,25,2,1347.6699999999998,4,2,2,8,Loyal Customers
CUST_01834,138,2,2463.7900000000004,2,2,2,6,Potential Loyalists
CUST_01835,32,6,7958.08,4,4,4,12,Champions
CUST_01836,348,1,478.03,1,1,1,3,Needs Attention
CUST_01837,224,2,3966.1899999999996,1,2,3,6,Potential Loyalists
CUST_01838,26,4,3917.91,4,3,3,10,Champions
CUST_01839,71,7,5187.17,3,4,3,10,Champions
CUST_01840,242,4,1544.12,1,3,2,6,Potential Loyalists
CUST_01841,16,2,830.4000000000001,4,2,1,7,Potential Loyalists
CUST_01842,175,2,878.22,2,2,1,5,At Risk
CUST_01843,15,9,7139.67,4,4,4,12,Champions
CUST_01844,85,2,653.64,3,2,1,6,Potential Loyalists
CUST_01845,279,2,2125.8,1,2,2,5,At Risk
CUST_01846,435,1,282.04,1,1,1,3,Needs Attention
CUST_01847,47,8,18786.75,3,4,4,11,Champions
CUST_01848,121,3,626.51,2,3,1,6,Potential Loyalists
CUST_01849,20,7,14306.09,4,4,4,12,Champions
CUST_01850,431,1,974.55,1,1,2,4,At Risk
CUST_01851,302,1,150.75,1,1,1,3,Needs Attention
CUST_01852,228,3,2240.9,1,3,2,6,Potential Loyalists
CUST_01853,219,1,576.55,1,1,1,3,Needs Attention
CUST_01854,135,2,615.74,2,2,1,5,At Risk
CUST_01855,415,1,832.53,1,1,1,3,Needs Attention
CUST_01856,94,1,455.35,2,1,1,4,At Risk
CUST_01857,99,2,6541.15,2,2,4,8,Loyal Customers
CUST_01858,206,1,386.85,1,1,1,3,Needs Attention
CUST_01859,4,3,439.09,4,3,1,8,Loyal Customers
CUST_01860,15,9,5794.23,4,4,3,11,Champions
CUST_01861,136,2,6888.34,2,2,4,8,Loyal Customers
CUST_01862,202,2,568.4399999999999,1,2,1,4,At Risk
CUST_01863,192,3,9654.29,1,3,4,8,Loyal Customers
CUST_01864,133,7,29280.8,2,4,4,10,Champions
CUST_01865,321,2,2775.16,1,2,3,6,Potential Loyalists
CUST_01866,57,2,389.42,3,2,1,6,Potential Loyalists
CUST_01867,33,6,12011.859999999999,4,4,4,12,Champions
CUST_01868,126,1,457.71,2,1,1,4,At Risk
CUST_01869,66,6,10581.26,3,4,4,11,Champions
CUST_01870,27,4,2089.61,4,3,2,9,Loyal Customers
CUST_01871,37,1,141.71,4,1,1,6,Potential Loyalists
CUST_01872,82,6,4595.91,3,4,3,10,Champions
CUST_01873,168,5,7726.360000000001,2,4,4,10,Champions
CUST_01874,25,2,663.16,4,2,1,7,Potential Loyalists
CUST_01875,5,1,144.78,4,1,1,6,Potential Loyalists
CUST_01876,198,2,910.9699999999999,1,2,2,5,At Risk
CUST_01877,181,1,412.8,2,1,1,4,At Risk
CUST_01878,278,3,1441.95,1,3,2,6,Potential Loyalists
CUST_01879,106,2,3074.6499999999996,2,2,3,7,Potential Loyalists
CUST_01880,20,9,6982.0599999999995,4,4,4,12,Champions
CUST_01881,160,2,2979.64,2,2,3,7,Potential Loyalists
CUST_01882,7,10,24239.64,4,4,4,12,Champions
CUST_01883,128,2,695.1600000000001,2,2,1,5,At Risk
CUST_01884,9,9,5625.549999999999,4,4,3,11,Champions
CUST_01885,6,5,13013.22,4,4,4,12,Champions
CUST_01886,198,3,1737.68,1,3,2,6,Potential Loyalists
CUST_01887,36,9,10427.48,4,4,4,12,Champions
CUST_01888,191,6,5398.06,1,4,3,8,Loyal Customers
CUST_01889,171,1,9219.16,2,1,4,7,Potential Loyalists
CUST_01890,175,3,3495.2599999999998,2,3,3,8,Loyal Customers
CUST_01891,108,5,995.5899999999999,2,4,2,8,Loyal Customers
CUST_01892,153,3,1262.29,2,3,2,7,Potential Loyalists
CUST_01893,274,3,2745.5,1,3,3,7,Potential Loyalists
CUST_01894,135,2,682.23,2,2,1,5,At Risk
CUST_01895,65,3,2086.5,3,3,2,8,Loyal Customers
CUST_01896,7,5,8667.34,4,4,4,12,Champions
CUST_01897,67,2,239.35,3,2,1,6,Potential Loyalists
CUST_01898,306,2,603.26,1,2,1,4,At Risk
CUST_01899,171,1,101.52,2,1,1,4,At Risk
CUST_01900,14,1,791.76,4,1,1,6,Potential Loyalists
CUST_01901,63,4,8970.18,3,3,4,10,Champions
CUST_01902,21,7,2793.46,4,4,3,11,Champions
CUST_01903,11,3,6098.37,4,3,4,11,Champions
CUST_01904,17,8,7880.87,4,4,4,12,Champions
CUST_01905,93,2,1709.1000000000001,3,2,2,7,Potential Loyalists
CUST_01906,9,8,9490.36,4,4,4,12,Champions
CUST_01907,74,2,1263.55,3,2,2,7,Potential Loyalists
CUST_01908,11,3,789.36,4,3,1,8,Loyal Customers
CUST_01909,97,3,2626.53,2,3,3,8,Loyal Customers
CUST_01910,110,2,2039.22,2,2,2,6,Potential Loyalists
CUST_01911,11,2,831.75,4,2,1,7,Potential Loyalists
CUST_01912,8,5,2976.9300000000003,4,4,3,11,Champions
CUST_01913,119,3,3296.04,2,3,3,8,Loyal Customers
CUST_01914,158,7,5242.8,2,4,3,9,Loyal Customers
CUST_01915,142,1,616.06,2,1,1,4,At Risk
CUST_01916,124,3,499.64,2,3,1,6,Potential Loyalists
CUST_01917,101,4,3379.07,2,3,3,8,Loyal Customers
CUST_01918,140,2,1697.3400000000001,2,2,2,6,Potential Loyalists
CUST_01919,234,3,1175.38,1,3,2,6,Potential Loyalists
CUST_01920,143,3,594.79,2,3,1,6,Potential Loyalists
CUST_01921,117,2,2087.08,2,2,2,6,Potential Loyalists
CUST_01922,164,4,2102.04,2,3,2,7,Potential Loyalists
CUST_01923,92,2,5245.63,3,2,3,8,Loyal Customers
CUST_01924,156,3,4940.56,2,3,3,8,Loyal Customers
CUST_01925,47,9,6541.0,3,4,4,11,Champions
CUST_01926,139,1,2278.65,2,1,2,5,At Risk
CUST_01927,331,1,355.75,1,1,1,3,Needs Attention
CUST_01928,176,1,7538.75,2,1,4,7,Potential Loyalists
CUST_01929,9,1,405.76,4,1,1,6,Potential Loyalists
CUST_01930,12,6,9676.3,4,4,4,12,Champions
CUST_01931,36,6,8387.04,4,4,4,12,Champions
CUST_01932,79,2,330.92,3,2,1,6,Potential Loyalists
CUST_01933,49,6,5375.719999999999,3,4,3,10,Champions
CUST_01934,1,7,8146.610000000001,4,4,4,12,Champions
CUST_01935,47,8,10244.84,3,4,4,11,Champions
CUST_01936,110,3,2397.65,2,3,2,7,Potential Loyalists
CUST_01937,75,3,556.95,3,3,1,7,Potential Loyalists
CUST_01938,23,5,1807.8300000000002,4,4,2,10,Champions
CUST_01939,116,2,934.9399999999999,2,2,2,6,Potential Loyalists
CUST_01940,68,3,581.49,3,3,1,7,Potential Loyalists
CUST_01941,6,5,20414.829999999998,4,4,4,12,Champions
CUST_01942,6,3,3922.08,4,3,3,10,Champions
CUST_01943,10,9,5977.07,4,4,4,12,Champions
CUST_01944,111,5,4038.0,2,4,3,9,Loyal Customers
CUST_01945,276,1,2815.7,1,1,3,5,At Risk
CUST_01946,13,3,635.21,4,3,1,8,Loyal Customers
CUST_01947,241,4,3670.04,1,3,3,7,Potential Loyalists
CUST_01948,244,3,1282.03,1,3,2,6,Potential Loyalists
CUST_01949,371,2,1671.3899999999999,1,2,2,5,At Risk
CUST_01950,319,1,184.2,1,1,1,3,Needs Attention
CUST_01951,102,3,2542.7799999999997,2,3,3,8,Loyal Customers
CUST_01952,188,2,1124.04,1,2,2,5,At Risk
CUST_01953,65,2,163.35,3,2,1,6,Potential Loyalists
CUST_01954,95,3,1161.48,2,3,2,7,Potential Loyalists
CUST_01955,394,2,2883.65,1,2,3,6,Potential Loyalists
CUST_01956,418,1,264.19,1,1,1,3,Needs Attention
CUST_01957,42,3,868.6600000000001,3,3,1,7,Potential Loyalists
CUST_01958,91,1,1842.55,3,1,2,6,Potential Loyalists
CUST_01959,10,3,3693.63,4,3,3,10,Champions
CUST_01960,4,5,6368.47,4,4,4,12,Champions
CUST_01961,4,6,6723.740000000001,4,4,4,12,Champions
CUST_01962,22,6,3786.49,4,4,3,11,Champions
CUST_01963,76,3,4028.85,3,3,3,9,Loyal Customers
CUST_01964,30,3,4021.09,4,3,3,10,Champions
CUST_01965,245,1,1891.53,1,1,2,4,At Risk
CUST_01966,7,7,3696.6,4,4,3,11,Champions
CUST_01967,71,2,2159.79,3,2,2,7,Potential Loyalists
CUST_01968,241,1,915.6,1,1,2,4,At Risk
CUST_01969,80,2,2637.5600000000004,3,2,3,8,Loyal Customers
CUST_01970,5,8,7776.299999999999,4,4,4,12,Champions
CUST_01971,116,3,575.98,2,3,1,6,Potential Loyalists
CUST_01972,37,5,3738.91,4,4,3,11,Champions
CUST_01973,121,2,1219.59,2,2,2,6,Potential Loyalists
CUST_01974,80,2,812.13,3,2,1,6,Potential Loyalists
CUST_01975,26,7,5716.719999999999,4,4,3,11,Champions
CUST_01976,183,2,2047.25,2,2,2,6,Potential Loyalists
CUST_01977,364,1,99.84,1,1,1,3,Needs Attention
CUST_01978,11,2,424.35,4,2,1,7,Potential Loyalists
CUST_01979,206,2,222.47,1,2,1,4,At Risk
CUST_01980,52,4,1429.6399999999999,3,3,2,8,Loyal Customers
CUST_01981,20,6,2919.13,4,4,3,11,Champions
CUST_01982,6,3,4613.44,4,3,3,10,Champions
CUST_01983,13,9,10627.8,4,4,4,12,Champions
CUST_01984,166,4,1820.65,2,3,2,7,Potential Loyalists
CUST_01985,24,3,2011.4,4,3,2,9,Loyal Customers
CUST_01986,11,6,5233.11,4,4,3,11,Champions
CUST_01987,66,3,571.51,3,3,1,7,Potential Loyalists
CUST_01988,40,4,9472.3,3,3,4,10,Champions
CUST_01989,366,1,6545.96,1,1,4,6,Potential Loyalists
CUST_01990,197,1,1886.52,1,1,2,4,At Risk
CUST_01991,117,2,2731.85,2,2,3,7,Potential Loyalists
CUST_01992,426,1,95.46,1,1,1,3,Needs Attention
CUST_01993,7,5,2171.82,4,4,2,10,Champions
CUST_01994,192,4,13692.51,1,3,4,8,Loyal Customers
CUST_01995,50,3,654.24,3,3,1,7,Potential Loyalists
CUST_01996,114,1,80.04,2,1,1,4,At Risk
CUST_01997,18,3,2824.46,4,3,3,10,Champions
CUST_01998,29,1,324.76,4,1,1,6,Potential Loyalists
CUST_01999,208,1,649.98,1,1,1,3,Needs Attention
CUST_02000,147,1,2285.3,2,1,2,5,At Risk
CUST_02001,159,2,1617.05,2,2,2,6,Potential Loyalists
CUST_02002,56,5,6195.59,3,4,4,11,Champions
CUST_02003,61,4,4238.0199999999995,3,3,3,9,Loyal Customers
CUST_02004,53,10,20252.48,3,4,4,11,Champions
CUST_02005,86,2,758.3599999999999,3,2,1,6,Potential Loyalists
CUST_02006,259,3,1279.11,1,3,2,6,Potential Loyalists
CUST_02007,205,2,1329.54,1,2,2,5,At Risk
CUST_02008,97,4,2387.67,2,3,2,7,Potential Loyalists
CUST_02009,90,1,226.01,3,1,1,5,At Risk
CUST_02010,45,7,8722.03,3,4,4,11,Champions
CUST_02011,354,1,321.33,1,1,1,3,Needs Attention
CUST_02012,19,9,10749.95,4,4,4,12,Champions
CUST_02013,77,2,517.5799999999999,3,2,1,6,Potential Loyalists
CUST_02014,1,4,9787.650000000001,4,3,4,11,Champions
CUST_02015,73,3,2621.87,3,3,3,9,Loyal Customers
CUST_02016,432,1,172.48,1,1,1,3,Needs Attention
CUST_02017,161,2,3099.41,2,2,3,7,Potential Loyalists
CUST_02018,272,5,3942.68,1,4,3,8,Loyal Customers
CUST_02019,88,6,10309.460000000001,3,4,4,11,Champions
CUST_02020,14,4,1319.56,4,3,2,9,Loyal Customers
CUST_02021,113,3,2310.89,2,3,2,7,Potential Loyalists
CUST_02022,161,2,1222.71,2,2,2,6,Potential Loyalists
CUST_02023,93,6,4284.03,3,4,3,10,Champions
CUST_02024,212,4,2879.4399999999996,1,3,3,7,Potential Loyalists
CUST_02025,25,9,9842.5,4,4,4,12,Champions
CUST_02026,93,1,1321.1,3,1,2,6,Potential Loyalists
CUST_02027,217,3,1120.42,1,3,2,6,Potential Loyalists
CUST_02028,53,10,4846.83,3,4,3,10,Champions
CUST_02029,71,2,6993.24,3,2,4,9,Loyal Customers
CUST_02030,361,1,308.63,1,1,1,3,Needs Attention
CUST_02031,31,2,285.64,4,2,1,7,Potential Loyalists
CUST_02032,153,4,5453.16,2,3,3,8,Loyal Customers
CUST_02033,19,4,2683.91,4,3,3,10,Champions
CUST_02034,181,2,2470.3399999999997,2,2,2,6,Potential Loyalists
CUST_02035,123,3,3598.01,2,3,3,8,Loyal Customers
CUST_02036,109,2,5249.61,2,2,3,7,Potential Loyalists
CUST_02037,21,9,3716.9300000000003,4,4,3,11,Champions
CUST_02038,209,2,3537.31,1,2,3,6,Potential Loyalists
CUST_02039,60,4,1265.68,3,3,2,8,Loyal Customers
CUST_02040,268,2,186.15,1,2,1,4,At Risk
CUST_02041,184,1,5863.32,2,1,4,7,Potential Loyalists
CUST_02042,204,6,4160.38,1,4,3,8,Loyal Customers
CUST_02043,100,1,630.84,2,1,1,4,At Risk
CUST_02044,81,5,2594.41,3,4,3,10,Champions
CUST_02045,158,2,2044.65,2,2,2,6,Potential Loyalists
CUST_02046,217,2,1000.3399999999999,1,2,2,5,At Risk
CUST_02047,158,2,19525.55,2,2,4,8,Loyal Customers
CUST_02048,17,3,3592.79,4,3,3,10,Champions
CUST_02049,35,5,1472.93,4,4,2,10,Champions
CUST_02050,39,3,1911.8600000000001,4,3,2,9,Loyal Customers
CUST_02051,161,1,747.84,2,1,1,4,At Risk
CUST_02052,199,1,2393.01,1,1,2,4,At Risk
CUST_02053,20,2,278.7,4,2,1,7,Potential Loyalists
CUST_02054,158,1,120.18,2,1,1,4,At Risk
CUST_02055,21,7,11766.65,4,4,4,12,Champions
CUST_02056,94,1,1194.35,2,1,2,5,At Risk
CUST_02057,180,2,527.34,2,2,1,5,At Risk
CUST_02058,247,1,868.8,1,1,1,3,Needs Attention
CUST_02059,398,1,3066.46,1,1,3,5,At Risk
CUST_02060,47,4,4816.33,3,3,3,9,Loyal Customers
CUST_02061,79,5,4088.33,3,4,3,10,Champions
CUST_02062,25,5,3670.39,4,4,3,11,Champions
CUST_02063,198,2,1925.88,1,2,2,5,At Risk
CUST_02064,325,2,700.3100000000001,1,2,1,4,At Risk
CUST_02065,67,5,4282.04,3,4,3,10,Champions
CUST_02066,95,7,4970.77,2,4,3,9,Loyal Customers
CUST_02067,66,3,1669.35,3,3,2,8,Loyal Customers
CUST_02068,146,5,7133.39,2,4,4,10,Champions
CUST_02069,95,5,766.08,2,4,1,7,Potential Loyalists
CUST_02070,21,1,342.38,4,1,1,6,Potential Loyalists
CUST_02071,242,2,506.79,1,2,1,4,At Risk
CUST_02072,1,9,10168.789999999999,4,4,4,12,Champions
CUST_02073,256,2,1107.39,1,2,2,5,At Risk
CUST_02074,192,2,108.93,1,2,1,4,At Risk
CUST_02075,5,3,6697.74,4,3,4,11,Champions
CUST_02076,68,4,2670.55,3,3,3,9,Loyal Customers
CUST_02077,95,3,7293.33,2,3,4,9,Loyal Customers
CUST_02078,99,8,6782.929999999999,2,4,4,10,Champions
CUST_02079,36,3,150.28,4,3,1,8,Loyal Customers
CUST_02080,391,2,3124.54,1,2,3,6,Potential Loyalists
CUST_02081,147,2,416.45,2,2,1,5,At Risk
CUST_02082,26,3,5621.0,4,3,3,10,Champions
CUST_02083,10,6,5927.959999999999,4,4,4,12,Champions
CUST_02084,11,5,1005.11,4,4,2,10,Champions
CUST_02085,65,5,6891.49,3,4,4,11,Champions
CUST_02086,42,3,953.02,3,3,2,8,Loyal Customers
CUST_02087,16,2,1217.94,4,2,2,8,Loyal Customers
CUST_02088,77,2,5706.33,3,2,3,8,Loyal Customers
CUST_02089,77,4,1917.3600000000001,3,3,2,8,Loyal Customers
CUST_02090,289,2,3613.21,1,2,3,6,Potential Loyalists
CUST_02091,63,1,620.76,3,1,1,5,At Risk
CUST_02092,74,2,676.9000000000001,3,2,1,6,Potential Loyalists
CUST_02093,373,1,1372.5,1,1,2,4,At Risk
CUST_02094,333,1,527.48,1,1,1,3,Needs Attention
CUST_02095,52,9,10413.33,3,4,4,11,Champions
CUST_02096,375,1,220.28,1,1,1,3,Needs Attention
CUST_02097,70,2,3872.7599999999998,3,2,3,8,Loyal Customers
CUST_02098,53,2,4995.780000000001,3,2,3,8,Loyal Customers
CUST_02099,5,4,1049.71,4,3,2,9,Loyal Customers
CUST_02100,436,1,2519.59,1,1,3,5,At Risk
CUST_02101,203,4,6183.26,1,3,4,8,Loyal Customers
CUST_02102,10,3,1548.44,4,3,2,9,Loyal Customers
CUST_02103,116,3,3383.3199999999997,2,3,3,8,Loyal Customers
CUST_02104,196,3,2152.15,1,3,2,6,Potential Loyalists
CUST_02105,4,4,7778.039999999999,4,3,4,11,Champions
CUST_02106,79,10,8878.75,3,4,4,11,Champions
CUST_02107,12,1,2448.58,4,1,2,7,Potential Loyalists
CUST_02108,230,1,444.52,1,1,1,3,Needs Attention
CUST_02109,98,7,8011.47,2,4,4,10,Champions
CUST_02110,68,3,8053.68,3,3,4,10,Champions
CUST_02111,244,2,894.53,1,2,2,5,At Risk
CUST_02112,68,2,1568.23,3,2,2,7,Potential Loyalists
CUST_02113,44,8,12182.230000000001,3,4,4,11,Champions
CUST_02114,22,3,2547.29,4,3,3,10,Champions
CUST_02115,8,7,9033.92,4,4,4,12,Champions
CUST_02116,51,6,7192.290000000001,3,4,4,11,Champions
CUST_02117,180,2,4566.41,2,2,3,7,Potential Loyalists
CUST_02118,273,2,5676.26,1,2,3,6,Potential Loyalists
CUST_02119,102,2,388.7,2,2,1,5,At Risk
CUST_02120,73,3,633.8299999999999,3,3,1,7,Potential Loyalists
CUST_02121,261,1,1126.56,1,1,2,4,At Risk
CUST_02122,200,5,7415.0,1,4,4,9,Loyal Customers
CUST_02123,1,6,7909.799999999999,4,4,4,12,Champions
CUST_02124,133,1,377.46,2,1,1,4,At Risk
CUST_02125,15,5,6039.389999999999,4,4,4,12,Champions
CUST_02126,4,9,11467.25,4,4,4,12,Champions
CUST_02127,89,3,6257.28,3,3,4,10,Champions
CUST_02128,102,4,1092.8,2,3,2,7,Potential Loyalists
CUST_02129,249,2,804.51,1,2,1,4,At Risk
CUST_02130,189,2,322.71000000000004,1,2,1,4,At Risk
CUST_02131,125,3,2479.69,2,3,2,7,Potential Loyalists
CUST_02132,427,2,2347.69,1,2,2,5,At Risk
CUST_02133,158,3,4537.2300000000005,2,3,3,8,Loyal Customers
CUST_02134,160,10,20436.02,2,4,4,10,Champions
CUST_02135,423,1,1253.19,1,1,2,4,At Risk
CUST_02136,153,1,206.35,2,1,1,4,At Risk
CUST_02137,160,5,14602.300000000001,2,4,4,10,Champions
CUST_02138,18,8,13331.36,4,4,4,12,Champions
CUST_02139,15,6,9421.43,4,4,4,12,Champions
CUST_02140,140,4,2862.1499999999996,2,3,3,8,Loyal Customers
CUST_02141,182,2,653.24,2,2,1,5,At Risk
CUST_02142,158,4,3168.02,2,3,3,8,Loyal Customers
CUST_02143,66,3,7565.01,3,3,4,10,Champions
CUST_02144,292,4,1737.0,1,3,2,6,Potential Loyalists
CUST_02145,159,2,3807.11,2,2,3,7,Potential Loyalists
CUST_02146,115,5,5192.54,2,4,3,9,Loyal Customers
CUST_02147,94,2,1384.2,2,2,2,6,Potential Loyalists
CUST_02148,63,4,6571.389999999999,3,3,4,10,Champions
CUST_02149,88,4,1597.3799999999999,3,3,2,8,Loyal Customers
CUST_02150,373,2,865.06,1,2,1,4,At Risk
CUST_02151,89,5,5060.04,3,4,3,10,Champions
CUST_02152,176,2,467.87,2,2,1,5,At Risk
CUST_02153,104,2,2313.24,2,2,2,6,Potential Loyalists
CUST_02154,107,3,269.81,2,3,1,6,Potential Loyalists
CUST_02155,3,7,11980.33,4,4,4,12,Champions
CUST_02156,15,10,5518.22,4,4,3,11,Champions
CUST_02157,84,4,1943.89,3,3,2,8,Loyal Customers
CUST_02158,161,5,7076.45,2,4,4,10,Champions
CUST_02159,216,1,474.7,1,1,1,3,Needs Attention
CUST_02160,295,3,1120.55,1,3,2,6,Potential Loyalists
CUST_02161,12,10,5796.650000000001,4,4,4,12,Champions
CUST_02162,187,2,780.6500000000001,1,2,1,4,At Risk
CUST_02163,217,1,806.43,1,1,1,3,Needs Attention
CUST_02164,51,3,1314.31,3,3,2,8,Loyal Customers
CUST_02165,261,3,1115.13,1,3,2,6,Potential Loyalists
CUST_02166,17,4,753.96,4,3,1,8,Loyal Customers
CUST_02167,133,3,1459.86,2,3,2,7,Potential Loyalists
CUST_02168,138,5,1657.75,2,4,2,8,Loyal Customers
CUST_02169,16,4,1748.1499999999999,4,3,2,9,Loyal Customers
CUST_02170,31,3,2664.62,4,3,3,10,Champions
CUST_02171,25,2,1183.19,4,2,2,8,Loyal Customers
CUST_02172,125,1,2583.12,2,1,3,6,Potential Loyalists
CUST_02173,58,3,1484.42,3,3,2,8,Loyal Customers
CUST_02174,346,1,294.5,1,1,1,3,Needs Attention
CUST_02175,225,2,4029.75,1,2,3,6,Potential Loyalists
CUST_02176,53,3,741.06,3,3,1,7,Potential Loyalists
CUST_02177,90,4,1758.72,3,3,2,8,Loyal Customers
CUST_02178,137,2,1035.33,2,2,2,6,Potential Loyalists
CUST_02179,301,2,1323.5,1,2,2,5,At Risk
CUST_02180,86,3,2504.21,3,3,3,9,Loyal Customers
CUST_02181,197,2,2736.7999999999997,1,2,3,6,Potential Loyalists
CUST_02182,20,3,5659.7,4,3,3,10,Champions
CUST_02183,343,2,18502.58,1,2,4,7,Potential Loyalists
CUST_02184,274,3,700.84,1,3,1,5,At Risk
CUST_02185,24,8,4497.76,4,4,3,11,Champions
CUST_02186,17,10,8679.57,4,4,4,12,Champions
CUST_02187,228,2,9969.599999999999,1,2,4,7,Potential Loyalists
CUST_02188,84,3,21026.92,3,3,4,10,Champions
CUST_02189,75,2,1632.07,3,2,2,7,Potential Loyalists
CUST_02190,82,5,5120.72,3,4,3,10,Champions
CUST_02191,93,2,713.59,3,2,1,6,Potential Loyalists
CUST_02192,255,1,56.73,1,1,1,3,Needs Attention
CUST_02193,358,1,517.56,1,1,1,3,Needs Attention
CUST_02194,22,4,787.0999999999999,4,3,1,8,Loyal Customers
CUST_02195,11,4,17775.23,4,3,4,11,Champions
CUST_02196,61,2,695.6,3,2,1,6,Potential Loyalists
CUST_02197,285,2,11514.16,1,2,4,7,Potential Loyalists
CUST_02198,216,3,3407.7400000000002,1,3,3,7,Potential Loyalists
CUST_02199,115,7,3863.2799999999997,2,4,3,9,Loyal Customers
CUST_02200,373,2,287.72,1,2,1,4,At Risk
CUST_02201,122,1,155.34,2,1,1,4,At Risk
CUST_02202,32,3,634.79,4,3,1,8,Loyal Customers
CUST_02203,239,3,7015.349999999999,1,3,4,8,Loyal Customers
CUST_02204,403,1,421.86,1,1,1,3,Needs Attention
CUST_02205,401,1,403.68,1,1,1,3,Needs Attention
CUST_02206,67,4,13579.76,3,3,4,10,Champions
CUST_02207,309,1,2221.18,1,1,2,4,At Risk
CUST_02208,149,3,8632.0,2,3,4,9,Loyal Customers
CUST_02209,48,3,2138.7,3,3,2,8,Loyal Customers
CUST_02210,22,3,6031.4400000000005,4,3,4,11,Champions
CUST_02211,377,1,81.87,1,1,1,3,Needs Attention
CUST_02212,41,1,61.98,3,1,1,5,At Risk
CUST_02213,73,3,1185.53,3,3,2,8,Loyal Customers
CUST_02214,4,3,10842.17,4,3,4,11,Champions
CUST_02215,236,2,1505.24,1,2,2,5,At Risk
CUST_02216,40,2,2006.64,3,2,2,7,Potential Loyalists
CUST_02217,23,3,5074.62,4,3,3,10,Champions
CUST_02218,36,3,1169.8600000000001,4,3,2,9,Loyal Customers
CUST_02219,163,3,7723.950000000001,2,3,4,9,Loyal Customers
CUST_02220,154,3,2948.75,2,3,3,8,Loyal Customers
CUST_02221,265,1,409.71,1,1,1,3,Needs Attention
CUST_02222,24,3,1109.6399999999999,4,3,2,9,Loyal Customers
CUST_02223,34,2,296.49,4,2,1,7,Potential Loyalists
CUST_02224,202,1,464.73,1,1,1,3,Needs Attention
CUST_02225,27,3,1179.59,4,3,2,9,Loyal Customers
CUST_02226,74,2,1366.19,3,2,2,7,Potential Loyalists
CUST_02227,14,3,1671.0800000000002,4,3,2,9,Loyal Customers
CUST_02228,159,5,9753.13,2,4,4,10,Champions
CUST_02229,16,3,13359.3,4,3,4,11,Champions
CUST_02230,98,1,117.3,2,1,1,4,At Risk
CUST_02231,246,3,3277.43,1,3,3,7,Potential Loyalists
CUST_02232,141,1,607.5,2,1,1,4,At Risk
CUST_02233,39,2,1557.74,4,2,2,8,Loyal Customers
CUST_02234,230,3,5551.17,1,3,3,7,Potential Loyalists
CUST_02235,94,3,3017.22,2,3,3,8,Loyal Customers
CUST_02236,82,4,2160.4700000000003,3,3,2,8,Loyal Customers
CUST_02237,47,3,1260.45,3,3,2,8,Loyal Customers
CUST_02238,41,6,7359.62,3,4,4,11,Champions
CUST_02239,76,4,996.45,3,3,2,8,Loyal Customers
CUST_02240,114,2,1010.6200000000001,2,2,2,6,Potential Loyalists
CUST_02241,54,5,5210.85,3,4,3,10,Champions
CUST_02242,51,4,3920.59,3,3,3,9,Loyal Customers
CUST_02243,341,1,228.16,1,1,1,3,Needs Attention
CUST_02244,185,2,6900.55,2,2,4,8,Loyal Customers
CUST_02245,77,3,12587.48,3,3,4,10,Champions
CUST_02246,31,8,19360.229999999996,4,4,4,12,Champions
CUST_02247,58,4,21395.7,3,3,4,10,Champions
CUST_02248,115,3,433.19,2,3,1,6,Potential Loyalists
CUST_02249,37,3,11051.349999999999,4,3,4,11,Champions
CUST_02250,274,1,568.84,1,1,1,3,Needs Attention
CUST_02251,110,3,2526.16,2,3,3,8,Loyal Customers
CUST_02252,13,4,8277.2,4,3,4,11,Champions
CUST_02253,357,2,1004.0500000000001,1,2,2,5,At Risk
CUST_02254,108,3,2136.46,2,3,2,7,Potential Loyalists
CUST_02255,57,3,1221.5,3,3,2,8,Loyal Customers
CUST_02256,264,2,412.6,1,2,1,4,At Risk
CUST_02257,27,3,2522.72,4,3,3,10,Champions
CUST_02258,191,1,2078.15,1,1,2,4,At Risk
CUST_02259,109,2,245.43,2,2,1,5,At Risk
CUST_02260,421,1,2439.05,1,1,2,4,At Risk
CUST_02261,306,3,9659.76,1,3,4,8,Loyal Customers
CUST_02262,37,9,5535.82,4,4,3,11,Champions
CUST_02263,34,3,879.64,4,3,1,8,Loyal Customers
CUST_02264,276,1,2214.41,1,1,2,4,At Risk
CUST_02265,73,3,8813.96,3,3,4,10,Champions
CUST_02266,173,3,651.47,2,3,1,6,Potential Loyalists
CUST_02267,21,1,94.57,4,1,1,6,Potential Loyalists
CUST_02268,350,2,238.8,1,2,1,4,At Risk
CUST_02269,259,1,4989.58,1,1,3,5,At Risk
CUST_02270,220,1,281.9,1,1,1,3,Needs Attention
CUST_02271,19,2,3329.15,4,2,3,9,Loyal Customers
CUST_02272,97,5,11771.64,2,4,4,10,Champions
CUST_02273,97,1,2812.59,2,1,3,6,Potential Loyalists
CUST_02274,59,7,2755.64,3,4,3,10,Champions
CUST_02275,120,2,546.3,2,2,1,5,At Risk
CUST_02276,315,1,236.92,1,1,1,3,Needs Attention
CUST_02277,304,3,1484.55,1,3,2,6,Potential Loyalists
CUST_02278,162,8,10047.98,2,4,4,10,Champions
CUST_02279,170,2,1055.0,2,2,2,6,Potential Loyalists
CUST_02280,91,2,994.53,3,2,2,7,Potential Loyalists
CUST_02281,17,5,8095.429999999999,4,4,4,12,Champions
CUST_02282,152,2,1883.04,2,2,2,6,Potential Loyalists
CUST_02283,212,1,4429.12,1,1,3,5,At Risk
CUST_02284,243,4,2960.77,1,3,3,7,Potential Loyalists
CUST_02285,246,2,398.49,1,2,1,4,At Risk
CUST_02286,102,2,197.85000000000002,2,2,1,5,At Risk
CUST_02287,180,2,8253.2,2,2,4,8,Loyal Customers
CUST_02288,19,4,907.21,4,3,2,9,Loyal Customers
CUST_02289,8,2,518.1800000000001,4,2,1,7,Potential Loyalists
CUST_02290,62,9,8616.3,3,4,4,11,Champions
CUST_02291,308,2,926.54,1,2,2,5,At Risk
CUST_02292,13,3,2919.14,4,3,3,10,Champions
CUST_02293,154,2,604.03,2,2,1,5,At Risk
CUST_02294,280,2,2047.21,1,2,2,5,At Risk
CUST_02295,32,1,150.42,4,1,1,6,Potential Loyalists
CUST_02296,135,3,1106.15,2,3,2,7,Potential Loyalists
CUST_02297,8,8,4772.78,4,4,3,11,Champions
CUST_02298,21,3,13228.34,4,3,4,11,Champions
CUST_02299,113,6,10271.95,2,4,4,10,Champions
CUST_02300,20,5,7442.92,4,4,4,12,Champions
CUST_02301,10,1,1217.88,4,1,2,7,Potential Loyalists
CUST_02302,262,5,9792.52,1,4,4,9,Loyal Customers
CUST_02303,16,2,3400.2799999999997,4,2,3,9,Loyal Customers
CUST_02304,256,1,316.67,1,1,1,3,Needs Attention
CUST_02305,241,2,1811.15,1,2,2,5,At Risk
CUST_02306,419,1,206.84,1,1,1,3,Needs Attention
CUST_02307,55,6,6321.61,3,4,4,11,Champions
CUST_02308,29,4,12238.169999999998,4,3,4,11,Champions
CUST_02309,29,4,3072.95,4,3,3,10,Champions
CUST_02310,116,8,11469.24,2,4,4,10,Champions
CUST_02311,6,6,5528.68,4,4,3,11,Champions
CUST_02312,199,3,2499.6200000000003,1,3,3,7,Potential Loyalists
CUST_02313,11,5,1734.4099999999999,4,4,2,10,Champions
CUST_02314,211,2,11330.23,1,2,4,7,Potential Loyalists
CUST_02315,22,2,221.91,4,2,1,7,Potential Loyalists
CUST_02316,275,4,2363.62,1,3,2,6,Potential Loyalists
CUST_02317,51,4,2791.5,3,3,3,9,Loyal Customers
CUST_02318,180,5,2151.0,2,4,2,8,Loyal Customers
CUST_02319,194,8,2518.61,1,4,3,8,Loyal Customers
CUST_02320,271,1,94.86,1,1,1,3,Needs Attention
CUST_02321,60,6,2818.5099999999998,3,4,3,10,Champions
CUST_02322,226,2,477.72,1,2,1,4,At Risk
CUST_02323,8,9,19654.010000000002,4,4,4,12,Champions
CUST_02324,198,2,2555.46,1,2,3,6,Potential Loyalists
CUST_02325,88,2,2316.35,3,2,2,7,Potential Loyalists
CUST_02326,110,5,9965.22,2,4,4,10,Champions
CUST_02327,206,3,16538.329999999998,1,3,4,8,Loyal Customers
CUST_02328,369,1,227.06,1,1,1,3,Needs Attention
CUST_02329,50,2,835.53,3,2,1,6,Potential Loyalists
CUST_02330,55,5,7409.19,3,4,4,11,Champions
CUST_02331,25,1,1734.45,4,1,2,7,Potential Loyalists
CUST_02332,64,1,293.7,3,1,1,5,At Risk
CUST_02333,187,3,722.4100000000001,1,3,1,5,At Risk
CUST_02334,14,3,1539.38,4,3,2,9,Loyal Customers
CUST_02335,412,1,3774.83,1,1,3,5,At Risk
CUST_02336,20,3,638.06,4,3,1,8,Loyal Customers
CUST_02337,136,3,3149.0299999999997,2,3,3,8,Loyal Customers
CUST_02338,109,10,7251.0,2,4,4,10,Champions
CUST_02339,356,1,125.13,1,1,1,3,Needs Attention
CUST_02340,4,5,1139.4099999999999,4,4,2,10,Champions
CUST_02341,19,1,683.92,4,1,1,6,Potential Loyalists
CUST_02342,68,5,6750.86,3,4,4,11,Champions
CUST_02343,56,5,3494.14,3,4,3,10,Champions
CUST_02344,179,4,2860.97,2,3,3,8,Loyal Customers
CUST_02345,48,1,884.54,3,1,1,5,At Risk
CUST_02346,50,10,6426.98,3,4,4,11,Champions
CUST_02347,228,2,821.2800000000001,1,2,1,4,At Risk
CUST_02348,20,4,2116.56,4,3,2,9,Loyal Customers
CUST_02349,290,1,107.56,1,1,1,3,Needs Attention
CUST_02350,17,2,1178.99,4,2,2,8,Loyal Customers
CUST_02351,76,3,5025.35,3,3,3,9,Loyal Customers
CUST_02352,138,6,11142.35,2,4,4,10,Champions
CUST_02353,49,2,970.6199999999999,3,2,2,7,Potential Loyalists
CUST_02354,74,9,6894.87,3,4,4,11,Champions
CUST_02355,237,1,384.03,1,1,1,3,Needs Attention
CUST_02356,14,3,9329.99,4,3,4,11,Champions
CUST_02357,196,1,364.42,1,1,1,3,Needs Attention
CUST_02358,60,8,4509.38,3,4,3,10,Champions
CUST_02359,4,7,14573.0,4,4,4,12,Champions
CUST_02360,71,8,14020.79,3,4,4,11,Champions
CUST_02361,26,3,695.3,4,3,1,8,Loyal Customers
CUST_02362,176,2,460.7,2,2,1,5,At Risk
CUST_02363,187,1,2187.38,1,1,2,4,At Risk
CUST_02364,111,4,6360.6900000000005,2,3,4,9,Loyal Customers
CUST_02365,73,1,107.08,3,1,1,5,At Risk
CUST_02366,224,6,3504.62,1,4,3,8,Loyal Customers
CUST_02367,122,1,102.82,2,1,1,4,At Risk
CUST_02368,288,2,468.74,1,2,1,4,At Risk
CUST_02369,25,7,10670.3,4,4,4,12,Champions
CUST_02370,3,4,573.0,4,3,1,8,Loyal Customers
CUST_02371,303,1,209.02,1,1,1,3,Needs Attention
CUST_02372,6,7,4578.14,4,4,3,11,Champions
CUST_02373,62,2,8156.389999999999,3,2,4,9,Loyal Customers
CUST_02374,177,5,9673.74,2,4,4,10,Champions
CUST_02375,25,7,7026.87,4,4,4,12,Champions
CUST_02376,67,3,3273.54,3,3,3,9,Loyal Customers
CUST_02377,15,4,2172.13,4,3,2,9,Loyal Customers
CUST_02378,11,5,1753.78,4,4,2,10,Champions
CUST_02379,36,3,948.97,4,3,2,9,Loyal Customers
CUST_02380,13,7,6048.22,4,4,4,12,Champions
CUST_02381,7,7,9201.84,4,4,4,12,Champions
CUST_02382,162,4,6839.05,2,3,4,9,Loyal Customers
CUST_02383,63,1,1263.12,3,1,2,6,Potential Loyalists
CUST_02384,31,8,4834.1900000000005,4,4,3,11,Champions
CUST_02385,56,3,2014.85,3,3,2,8,Loyal Customers
CUST_02386,3,7,9478.34,4,4,4,12,Champions
CUST_02387,197,2,238.67000000000002,1,2,1,4,At Risk
CUST_02388,28,5,3349.6,4,4,3,11,Champions
CUST_02389,100,4,1224.44,2,3,2,7,Potential Loyalists
CUST_02390,98,3,867.41,2,3,1,6,Potential Loyalists
CUST_02391,80,3,5152.2300000000005,3,3,3,9,Loyal Customers
CUST_02392,153,1,176.58,2,1,1,4,At Risk
CUST_02393,38,3,2191.4700000000003,4,3,2,9,Loyal Customers
CUST_02394,255,1,256.38,1,1,1,3,Needs Attention
CUST_02395,8,7,8408.470000000001,4,4,4,12,Champions
CUST_02396,105,2,1227.4099999999999,2,2,2,6,Potential Loyalists
CUST_02397,110,2,6264.65,2,2,4,8,Loyal Customers
CUST_02398,45,3,3402.29,3,3,3,9,Loyal Customers
CUST_02399,164,2,410.01,2,2,1,5,At Risk
CUST_02400,273,2,2566.69,1,2,3,6,Potential Loyalists
CUST_02401,2,6,8307.98,4,4,4,12,Champions
CUST_02402,131,2,8626.98,2,2,4,8,Loyal Customers
CUST_02403,18,8,12385.51,4,4,4,12,Champions
CUST_02404,232,1,90.25,1,1,1,3,Needs Attention
CUST_02405,72,1,600.28,3,1,1,5,At Risk
CUST_02406,46,5,2949.85,3,4,3,10,Champions
CUST_02407,183,2,637.8299999999999,2,2,1,5,At Risk
CUST_02408,263,2,5579.32,1,2,3,6,Potential Loyalists
CUST_02409,6,2,371.66999999999996,4,2,1,7,Potential Loyalists
CUST_02410,105,2,6096.36,2,2,4,8,Loyal Customers
CUST_02411,63,2,346.76,3,2,1,6,Potential Loyalists
CUST_02412,6,2,335.2,4,2,1,7,Potential Loyalists
CUST_02413,26,6,3365.03,4,4,3,11,Champions
CUST_02414,117,1,579.45,2,1,1,4,At Risk
CUST_02415,56,5,4781.83,3,4,3,10,Champions
CUST_02416,46,4,2495.11,3,3,3,9,Loyal Customers
CUST_02417,89,3,1771.0099999999998,3,3,2,8,Loyal Customers
CUST_02418,42,6,14395.66,3,4,4,11,Champions
CUST_02419,12,3,4102.95,4,3,3,10,Champions
CUST_02420,38,4,11044.18,4,3,4,11,Champions
CUST_02421,4,8,11049.52,4,4,4,12,Champions
CUST_02422,4,2,7247.62,4,2,4,10,Champions
CUST_02423,232,2,2174.72,1,2,2,5,At Risk
CUST_02424,32,3,3064.58,4,3,3,10,Champions
CUST_02425,126,4,6165.49,2,3,4,9,Loyal Customers
CUST_02426,157,2,422.9,2,2,1,5,At Risk
CUST_02427,39,5,2365.17,4,4,2,10,Champions
CUST_02428,48,7,20555.6,3,4,4,11,Champions
CUST_02429,151,3,603.5,2,3,1,6,Potential Loyalists
CUST_02430,33,8,8021.74,4,4,4,12,Champions
CUST_02431,105,5,2473.91,2,4,2,8,Loyal Customers
CUST_02432,158,4,6393.69,2,3,4,9,Loyal Customers
CUST_02433,96,5,3724.42,2,4,3,9,Loyal Customers
CUST_02434,6,1,642.6,4,1,1,6,Potential Loyalists
CUST_02435,79,3,3531.07,3,3,3,9,Loyal Customers
CUST_02436,131,1,2874.48,2,1,3,6,Potential Loyalists
CUST_02437,13,10,11914.919999999998,4,4,4,12,Champions
CUST_02438,174,3,718.1299999999999,2,3,1,6,Potential Loyalists
CUST_02439,380,1,200.75,1,1,1,3,Needs Attention
CUST_02440,56,3,5984.08,3,3,4,10,Champions
CUST_02441,59,2,319.51,3,2,1,6,Potential Loyalists
CUST_02442,53,9,14412.189999999999,3,4,4,11,Champions
CUST_02443,107,2,302.99,2,2,1,5,At Risk
CUST_02444,164,5,6024.09,2,4,4,10,Champions
CUST_02445,94,1,521.28,2,1,1,4,At Risk
CUST_02446,136,3,3432.57,2,3,3,8,Loyal Customers
CUST_02447,43,3,4477.41,3,3,3,9,Loyal Customers
CUST_02448,91,1,3821.75,3,1,3,7,Potential Loyalists
CUST_02449,14,4,4622.91,4,3,3,10,Champions
CUST_02450,105,3,792.62,2,3,1,6,Potential Loyalists
CUST_02451,234,3,1312.58,1,3,2,6,Potential Loyalists
CUST_02452,4,4,818.1,4,3,1,8,Loyal Customers
CUST_02453,413,1,687.94,1,1,1,3,Needs Attention
CUST_02454,199,3,3249.7200000000003,1,3,3,7,Potential Loyalists
CUST_02455,19,4,13829.710000000001,4,3,4,11,Champions
CUST_02456,146,1,118.15,2,1,1,4,At Risk
CUST_02457,54,3,23623.71,3,3,4,10,Champions
CUST_02458,214,1,1609.5,1,1,2,4,At Risk
CUST_02459,130,5,26386.899999999998,2,4,4,10,Champions
CUST_02460,199,2,1810.76,1,2,2,5,At Risk
CUST_02461,20,3,533.58,4,3,1,8,Loyal Customers
CUST_02462,32,3,2540.84,4,3,3,10,Champions
CUST_02463,89,3,9623.220000000001,3,3,4,10,Champions
CUST_02464,38,6,11409.93,4,4,4,12,Champions
CUST_02465,116,3,2239.79,2,3,2,7,Potential Loyalists
CUST_02466,200,1,146.4,1,1,1,3,Needs Attention
CUST_02467,146,1,12404.2,2,1,4,7,Potential Loyalists
CUST_02468,154,3,2149.44,2,3,2,7,Potential Loyalists
CUST_02469,354,1,11946.56,1,1,4,6,Potential Loyalists
CUST_02470,261,3,4277.21,1,3,3,7,Potential Loyalists
CUST_02471,180,3,1719.29,2,3,2,7,Potential Loyalists
CUST_02472,291,1,540.04,1,1,1,3,Needs Attention
CUST_02473,196,2,2784.92,1,2,3,6,Potential Loyalists
CUST_02474,1,3,1341.03,4,3,2,9,Loyal Customers
CUST_02475,35,5,2287.2799999999997,4,4,2,10,Champions
CUST_02476,3,3,5640.17,4,3,3,10,Champions
CUST_02477,62,3,13601.62,3,3,4,10,Champions
CUST_02478,86,2,17589.559999999998,3,2,4,9,Loyal Customers
CUST_02479,88,5,3339.28,3,4,3,10,Champions
CUST_02480,90,2,1471.6100000000001,3,2,2,7,Potential Loyalists
CUST_02481,168,3,1687.1799999999998,2,3,2,7,Potential Loyalists
CUST_02482,80,4,1129.1100000000001,3,3,2,8,Loyal Customers
CUST_02483,15,2,1258.93,4,2,2,8,Loyal Customers
CUST_02484,237,5,15066.71,1,4,4,9,Loyal Customers
CUST_02485,37,6,10251.23,4,4,4,12,Champions
CUST_02486,311,2,1804.71,1,2,2,5,At Risk
CUST_02487,8,10,14294.96,4,4,4,12,Champions
CUST_02488,72,2,1578.8799999999999,3,2,2,7,Potential Loyalists
CUST_02489,144,2,596.92,2,2,1,5,At Risk
CUST_02490,144,2,7886.65,2,2,4,8,Loyal Customers
CUST_02491,62,2,1907.3899999999999,3,2,2,7,Potential Loyalists
CUST_02492,19,8,11766.67,4,4,4,12,Champions
CUST_02493,48,5,7281.84,3,4,4,11,Champions
CUST_02494,43,5,15961.22,3,4,4,11,Champions
CUST_02495,234,2,2985.79,1,2,3,6,Potential Loyalists
CUST_02496,165,1,831.86,2,1,1,4,At Risk
CUST_02497,89,2,1955.1,3,2,2,7,Potential Loyalists
CUST_02498,45,2,2875.5,3,2,3,8,Loyal Customers
CUST_02499,27,1,334.7,4,1,1,6,Potential Loyalists
CUST_02500,7,7,14605.74,4,4,4,12,Champions
CUST_02501,193,2,233.76999999999998,1,2,1,4,At Risk
CUST_02502,212,1,1149.76,1,1,2,4,At Risk
CUST_02503,55,1,3650.05,3,1,3,7,Potential Loyalists
CUST_02504,70,5,11627.09,3,4,4,11,Champions
CUST_02505,244,3,2383.69,1,3,2,6,Potential Loyalists
CUST_02506,125,3,3010.31,2,3,3,8,Loyal Customers
CUST_02507,85,2,1498.02,3,2,2,7,Potential Loyalists
CUST_02508,71,5,1627.71,3,4,2,9,Loyal Customers
CUST_02509,92,2,1362.1399999999999,3,2,2,7,Potential Loyalists
CUST_02510,450,1,317.7,1,1,1,3,Needs Attention
CUST_02511,61,2,293.67,3,2,1,6,Potential Loyalists
CUST_02512,24,3,3539.81,4,3,3,10,Champions
CUST_02513,384,1,95.88,1,1,1,3,Needs Attention
CUST_02514,76,3,772.31,3,3,1,7,Potential Loyalists
CUST_02515,76,8,10821.32,3,4,4,11,Champions
CUST_02516,139,3,816.56,2,3,1,6,Potential Loyalists
CUST_02517,111,3,2515.52,2,3,3,8,Loyal Customers
CUST_02518,26,3,13082.92,4,3,4,11,Champions
CUST_02519,302,2,6103.3,1,2,4,7,Potential Loyalists
CUST_02520,79,4,3358.0,3,3,3,9,Loyal Customers
CUST_02521,68,4,2705.98,3,3,3,9,Loyal Customers
CUST_02522,90,5,13557.21,3,4,4,11,Champions
CUST_02523,72,2,888.15,3,2,1,6,Potential Loyalists
CUST_02524,132,3,2739.4300000000003,2,3,3,8,Loyal Customers
CUST_02525,81,6,24652.52,3,4,4,11,Champions
CUST_02526,63,1,1284.45,3,1,2,6,Potential Loyalists
CUST_02527,339,2,177.42000000000002,1,2,1,4,At Risk
CUST_02528,270,2,6290.36,1,2,4,7,Potential Loyalists
CUST_02529,310,2,3076.34,1,2,3,6,Potential Loyalists
CUST_02530,152,5,4822.49,2,4,3,9,Loyal Customers
CUST_02531,12,7,9987.810000000001,4,4,4,12,Champions
CUST_02532,64,2,389.47,3,2,1,6,Potential Loyalists
CUST_02533,354,1,266.72,1,1,1,3,Needs Attention
CUST_02534,10,5,6024.699999999999,4,4,4,12,Champions
CUST_02535,65,3,4960.63,3,3,3,9,Loyal Customers
CUST_02536,18,10,35281.6,4,4,4,12,Champions
CUST_02537,33,3,4735.0599999999995,4,3,3,10,Champions
CUST_02538,46,2,2412.36,3,2,2,7,Potential Loyalists
CUST_02539,154,2,2829.89,2,2,3,7,Potential Loyalists
CUST_02540,166,1,130.59,2,1,1,4,At Risk
CUST_02541,374,1,1900.95,1,1,2,4,At Risk
CUST_02542,188,1,627.36,1,1,1,3,Needs Attention
CUST_02543,126,3,448.97,2,3,1,6,Potential Loyalists
CUST_02544,434,1,188.53,1,1,1,3,Needs Attention
CUST_02545,89,1,337.2,3,1,1,5,At Risk
CUST_02546,208,2,8837.4,1,2,4,7,Potential Loyalists
CUST_02547,243,2,655.8599999999999,1,2,1,4,At Risk
CUST_02548,392,1,603.84,1,1,1,3,Needs Attention
CUST_02549,248,2,3933.75,1,2,3,6,Potential Loyalists
CUST_02550,38,7,3872.42,4,4,3,11,Champions
CUST_02551,294,4,5965.68,1,3,4,8,Loyal Customers
CUST_02552,181,3,2196.41,2,3,2,7,Potential Loyalists
CUST_02553,40,6,4219.5,3,4,3,10,Champions
CUST_02554,285,2,145.38,1,2,1,4,At Risk
CUST_02555,32,3,1198.2600000000002,4,3,2,9,Loyal Customers
CUST_02556,160,3,1359.88,2,3,2,7,Potential Loyalists
CUST_02557,43,4,1227.26,3,3,2,8,Loyal Customers
CUST_02558,315,4,9987.57,1,3,4,8,Loyal Customers
CUST_02559,125,3,547.51,2,3,1,6,Potential Loyalists
CUST_02560,280,3,989.29,1,3,2,6,Potential Loyalists
CUST_02561,23,4,6372.57,4,3,4,11,Champions
CUST_02562,15,6,9697.029999999999,4,4,4,12,Champions
CUST_02563,159,2,887.05,2,2,1,5,At Risk
CUST_02564,294,1,2089.25,1,1,2,4,At Risk
CUST_02565,16,2,5984.0599999999995,4,2,4,10,Champions
CUST_02566,135,4,2382.31,2,3,2,7,Potential Loyalists
CUST_02567,388,1,943.5,1,1,2,4,At Risk
CUST_02568,106,2,1226.81,2,2,2,6,Potential Loyalists
CUST_02569,23,6,17235.12,4,4,4,12,Champions
CUST_02570,59,5,6348.639999999999,3,4,4,11,Champions
CUST_02571,67,2,644.34,3,2,1,6,Potential Loyalists
CUST_02572,67,10,16957.170000000002,3,4,4,11,Champions
CUST_02573,28,4,8625.46,4,3,4,11,Champions
CUST_02574,34,3,327.45,4,3,1,8,Loyal Customers
CUST_02575,66,3,4206.67,3,3,3,9,Loyal Customers
CUST_02576,68,1,386.31,3,1,1,5,At Risk
CUST_02577,8,8,15605.81,4,4,4,12,Champions
CUST_02578,33,6,2275.3900000000003,4,4,2,10,Champions
CUST_02579,223,2,1202.31,1,2,2,5,At Risk
CUST_02580,304,2,241.0,1,2,1,4,At Risk
CUST_02581,127,3,2129.91,2,3,2,7,Potential Loyalists
CUST_02582,11,1,56.18,4,1,1,6,Potential Loyalists
CUST_02583,208,3,2585.0699999999997,1,3,3,7,Potential Loyalists
CUST_02584,19,7,10217.33,4,4,4,12,Champions
CUST_02585,118,2,16481.71,2,2,4,8,Loyal Customers
CUST_02586,96,4,8477.92,2,3,4,9,Loyal Customers
CUST_02587,258,1,232.88,1,1,1,3,Needs Attention
CUST_02588,85,2,594.62,3,2,1,6,Potential Loyalists
CUST_02589,65,1,235.86,3,1,1,5,At Risk
CUST_02590,95,2,288.37,2,2,1,5,At Risk
CUST_02591,85,3,4543.55,3,3,3,9,Loyal Customers
CUST_02592,33,6,5539.629999999999,4,4,3,11,Champions
CUST_02593,148,2,553.14,2,2,1,5,At Risk
CUST_02594,100,1,360.13,2,1,1,4,At Risk
CUST_02595,9,6,7983.62,4,4,4,12,Champions
CUST_02596,246,1,2277.68,1,1,2,4,At Risk
CUST_02597,134,3,11169.949999999999,2,3,4,9,Loyal Customers
CUST_02598,93,2,1205.8600000000001,3,2,2,7,Potential Loyalists
CUST_02599,197,3,3425.27,1,3,3,7,Potential Loyalists
CUST_02600,196,2,3231.04,1,2,3,6,Potential Loyalists
CUST_02601,335,1,93.88,1,1,1,3,Needs Attention
CUST_02602,159,4,2513.0,2,3,3,8,Loyal Customers
CUST_02603,25,10,9312.44,4,4,4,12,Champions
CUST_02604,17,5,845.5500000000001,4,4,1,9,Loyal Customers
CUST_02605,29,4,1111.52,4,3,2,9,Loyal Customers
CUST_02606,2,3,1011.91,4,3,2,9,Loyal Customers
CUST_02607,181,3,2494.14,2,3,3,8,Loyal Customers
CUST_02608,191,3,1569.42,1,3,2,6,Potential Loyalists
CUST_02609,47,4,7884.83,3,3,4,10,Champions
CUST_02610,198,3,1175.12,1,3,2,6,Potential Loyalists
CUST_02611,16,3,3616.86,4,3,3,10,Champions
CUST_02612,65,5,3482.8,3,4,3,10,Champions
CUST_02613,103,5,2671.48,2,4,3,9,Loyal Customers
CUST_02614,138,9,18333.07,2,4,4,10,Champions
CUST_02615,160,2,1861.78,2,2,2,6,Potential Loyalists
CUST_02616,419,1,154.18,1,1,1,3,Needs Attention
CUST_02617,36,4,6351.95,4,3,4,11,Champions
CUST_02618,397,1,246.28,1,1,1,3,Needs Attention
CUST_02619,100,2,398.30000000000007,2,2,1,5,At Risk
CUST_02620,259,2,381.49,1,2,1,4,At Risk
CUST_02621,160,4,2253.7,2,3,2,7,Potential Loyalists
CUST_02622,60,2,576.6600000000001,3,2,1,6,Potential Loyalists
CUST_02623,94,6,19128.02,2,4,4,10,Champions
CUST_02624,30,2,9131.7,4,2,4,10,Champions
CUST_02625,76,3,1366.08,3,3,2,8,Loyal Customers
CUST_02626,128,2,443.39,2,2,1,5,At Risk
CUST_02627,235,2,4681.84,1,2,3,6,Potential Loyalists
CUST_02628,100,9,19362.920000000002,2,4,4,10,Champions
CUST_02629,8,2,640.74,4,2,1,7,Potential Loyalists
CUST_02630,17,5,8479.1,4,4,4,12,Champions
CUST_02631,107,3,9833.150000000001,2,3,4,9,Loyal Customers
CUST_02632,334,1,420.62,1,1,1,3,Needs Attention
CUST_02633,102,3,1603.51,2,3,2,7,Potential Loyalists
CUST_02634,304,2,114.19,1,2,1,4,At Risk
CUST_02635,80,3,5170.27,3,3,3,9,Loyal Customers
CUST_02636,4,8,10554.25,4,4,4,12,Champions
CUST_02637,105,5,2610.81,2,4,3,9,Loyal Customers
CUST_02638,112,2,409.26,2,2,1,5,At Risk
CUST_02639,33,1,3392.82,4,1,3,8,Loyal Customers
CUST_02640,343,1,14.28,1,1,1,3,Needs Attention
CUST_02641,121,1,294.14,2,1,1,4,At Risk
CUST_02642,142,4,3040.21,2,3,3,8,Loyal Customers
CUST_02643,287,2,519.75,1,2,1,4,At Risk
CUST_02644,281,3,856.78,1,3,1,5,At Risk
CUST_02645,315,1,917.08,1,1,2,4,At Risk
CUST_02646,268,3,1774.54,1,3,2,6,Potential Loyalists
CUST_02647,28,2,474.09,4,2,1,7,Potential Loyalists
CUST_02648,16,10,12737.2,4,4,4,12,Champions
CUST_02649,112,2,395.63,2,2,1,5,At Risk
CUST_02650,19,3,942.8500000000001,4,3,2,9,Loyal Customers
CUST_02651,64,2,808.24,3,2,1,6,Potential Loyalists
CUST_02652,42,5,1824.62,3,4,2,9,Loyal Customers
CUST_02653,75,5,1417.93,3,4,2,9,Loyal Customers
CUST_02654,250,2,1699.71,1,2,2,5,At Risk
CUST_02655,191,1,20.97,1,1,1,3,Needs Attention
CUST_02656,62,6,24230.0,3,4,4,11,Champions
CUST_02657,246,2,409.72,1,2,1,4,At Risk
CUST_02658,179,4,1699.9099999999999,2,3,2,7,Potential Loyalists
CUST_02659,3,3,204.62,4,3,1,8,Loyal Customers
CUST_02660,163,3,2659.2299999999996,2,3,3,8,Loyal Customers
CUST_02661,20,2,1140.04,4,2,2,8,Loyal Customers
CUST_02662,261,2,5998.66,1,2,4,7,Potential Loyalists
CUST_02663,66,2,5834.790000000001,3,2,4,9,Loyal Customers
CUST_02664,53,1,276.41,3,1,1,5,At Risk
CUST_02665,309,1,216.08,1,1,1,3,Needs Attention
CUST_02666,25,4,4165.85,4,3,3,10,Champions
CUST_02667,58,4,16447.23,3,3,4,10,Champions
CUST_02668,10,10,2479.6,4,4,2,10,Champions
CUST_02669,382,3,7971.57,1,3,4,8,Loyal Customers
CUST_02670,149,4,4377.83,2,3,3,8,Loyal Customers
CUST_02671,77,3,997.8399999999999,3,3,2,8,Loyal Customers
CUST_02672,152,3,4793.9400000000005,2,3,3,8,Loyal Customers
CUST_02673,24,5,1824.28,4,4,2,10,Champions
CUST_02674,85,3,2134.64,3,3,2,8,Loyal Customers
CUST_02675,109,3,6386.0599999999995,2,3,4,9,Loyal Customers
CUST_02676,58,3,9072.369999999999,3,3,4,10,Champions
CUST_02677,413,1,113.0,1,1,1,3,Needs Attention
CUST_02678,190,2,1907.11,1,2,2,5,At Risk
CUST_02679,64,4,1986.06,3,3,2,8,Loyal Customers
CUST_02680,209,2,15395.92,1,2,4,7,Potential Loyalists
CUST_02681,431,1,650.68,1,1,1,3,Needs Attention
CUST_02682,32,2,2811.3,4,2,3,9,Loyal Customers
CUST_02683,71,1,268.05,3,1,1,5,At Risk
CUST_02684,100,4,4739.78,2,3,3,8,Loyal Customers
CUST_02685,118,3,964.1800000000001,2,3,2,7,Potential Loyalists
CUST_02686,66,3,4519.7,3,3,3,9,Loyal Customers
CUST_02687,413,2,7509.91,1,2,4,7,Potential Loyalists
CUST_02688,54,2,437.64,3,2,1,6,Potential Loyalists
CUST_02689,16,8,28726.93,4,4,4,12,Champions
CUST_02690,123,1,9453.56,2,1,4,7,Potential Loyalists
CUST_02691,140,1,135.36,2,1,1,4,At Risk
CUST_02692,102,3,1465.1100000000001,2,3,2,7,Potential Loyalists
CUST_02693,161,4,4860.13,2,3,3,8,Loyal Customers
CUST_02694,185,2,2121.34,2,2,2,6,Potential Loyalists
CUST_02695,31,4,5217.360000000001,4,3,3,10,Champions
CUST_02696,204,2,1116.72,1,2,2,5,At Risk
CUST_02697,50,6,7049.2699999999995,3,4,4,11,Champions
CUST_02698,96,3,7398.420000000001,2,3,4,9,Loyal Customers
CUST_02699,328,1,251.65,1,1,1,3,Needs Attention
CUST_02700,194,1,379.17,1,1,1,3,Needs Attention
CUST_02701,17,8,6439.5199999999995,4,4,4,12,Champions
CUST_02702,101,2,1239.58,2,2,2,6,Potential Loyalists
CUST_02703,53,2,253.95,3,2,1,6,Potential Loyalists
CUST_02704,192,2,3535.86,1,2,3,6,Potential Loyalists
CUST_02705,148,3,2711.44,2,3,3,8,Loyal Customers
CUST_02706,344,2,3434.58,1,2,3,6,Potential Loyalists
CUST_02707,99,4,8741.09,2,3,4,9,Loyal Customers
CUST_02708,11,5,2700.7400000000002,4,4,3,11,Champions
CUST_02709,376,1,2228.96,1,1,2,4,At Risk
CUST_02710,342,1,136.2,1,1,1,3,Needs Attention
CUST_02711,27,2,1087.57,4,2,2,8,Loyal Customers
CUST_02712,49,3,1283.24,3,3,2,8,Loyal Customers
CUST_02713,45,6,4250.22,3,4,3,10,Champions
CUST_02714,4,9,9983.6,4,4,4,12,Champions
CUST_02715,150,3,1918.8600000000001,2,3,2,7,Potential Loyalists
CUST_02716,21,2,411.64,4,2,1,7,Potential Loyalists
CUST_02717,31,1,403.2,4,1,1,6,Potential Loyalists
CUST_02718,108,3,1173.36,2,3,2,7,Potential Loyalists
CUST_02719,22,2,12801.64,4,2,4,10,Champions
CUST_02720,376,2,5811.53,1,2,4,7,Potential Loyalists
CUST_02721,37,2,418.51,4,2,1,7,Potential Loyalists
CUST_02722,153,2,1174.9,2,2,2,6,Potential Loyalists
CUST_02723,233,2,726.66,1,2,1,4,At Risk
CUST_02724,12,2,2876.54,4,2,3,9,Loyal Customers
CUST_02725,185,4,3665.3,2,3,3,8,Loyal Customers
CUST_02726,20,2,3554.42,4,2,3,9,Loyal Customers
CUST_02727,319,1,8605.91,1,1,4,6,Potential Loyalists
CUST_02728,288,2,1230.99,1,2,2,5,At Risk
CUST_02729,75,2,155.39,3,2,1,6,Potential Loyalists
CUST_02730,163,3,915.47,2,3,2,7,Potential Loyalists
CUST_02731,57,4,3456.3599999999997,3,3,3,9,Loyal Customers
CUST_02732,150,4,11741.84,2,3,4,9,Loyal Customers
CUST_02733,93,3,734.62,3,3,1,7,Potential Loyalists
CUST_02734,98,1,161.71,2,1,1,4,At Risk
CUST_02735,272,1,148.92,1,1,1,3,Needs Attention
CUST_02736,6,2,405.13,4,2,1,7,Potential Loyalists
CUST_02737,74,2,570.24,3,2,1,6,Potential Loyalists
CUST_02738,414,1,552.52,1,1,1,3,Needs Attention
CUST_02739,379,2,1088.68,1,2,2,5,At Risk
CUST_02740,82,3,657.42,3,3,1,7,Potential Loyalists
CUST_02741,223,3,2361.69,1,3,2,6,Potential Loyalists
CUST_02742,170,8,5198.67,2,4,3,9,Loyal Customers
CUST_02743,161,6,1189.55,2,4,2,8,Loyal Customers
CUST_02744,43,6,8395.650000000001,3,4,4,11,Champions
CUST_02745,50,4,9888.13,3,3,4,10,Champions
CUST_02746,143,2,946.9000000000001,2,2,2,6,Potential Loyalists
CUST_02747,259,3,1272.63,1,3,2,6,Potential Loyalists
CUST_02748,121,3,2444.26,2,3,2,7,Potential Loyalists
CUST_02749,9,5,5962.389999999999,4,4,4,12,Champions
CUST_02750,261,2,869.0699999999999,1,2,1,4,At Risk
CUST_02751,193,1,282.65,1,1,1,3,Needs Attention
CUST_02752,129,3,459.28,2,3,1,6,Potential Loyalists
CUST_02753,58,4,4302.43,3,3,3,9,Loyal Customers
CUST_02754,2,2,159.41,4,2,1,7,Potential Loyalists
CUST_02755,235,2,1329.29,1,2,2,5,At Risk
CUST_02756,214,2,958.71,1,2,2,5,At Risk
CUST_02757,114,2,3260.52,2,2,3,7,Potential Loyalists
CUST_02758,325,4,8868.259999999998,1,3,4,8,Loyal Customers
CUST_02759,3,7,9536.81,4,4,4,12,Champions
CUST_02760,6,6,6755.17,4,4,4,12,Champions
CUST_02761,136,4,3119.0600000000004,2,3,3,8,Loyal Customers
CUST_02762,205,1,406.67,1,1,1,3,Needs Attention
CUST_02763,103,2,2326.4900000000002,2,2,2,6,Potential Loyalists
CUST_02764,18,2,7445.32,4,2,4,10,Champions
CUST_02765,73,10,20355.94,3,4,4,11,Champions
CUST_02766,95,1,274.69,2,1,1,4,At Risk
CUST_02767,22,6,9685.72,4,4,4,12,Champions
CUST_02768,3,10,18811.44,4,4,4,12,Champions
CUST_02769,75,3,498.77000000000004,3,3,1,7,Potential Loyalists
CUST_02770,67,2,1423.8600000000001,3,2,2,7,Potential Loyalists
CUST_02771,311,2,623.64,1,2,1,4,At Risk
CUST_02772,119,5,3800.04,2,4,3,9,Loyal Customers
CUST_02773,80,4,1427.8700000000001,3,3,2,8,Loyal Customers
CUST_02774,361,1,545.17,1,1,1,3,Needs Attention
CUST_02775,109,2,683.3800000000001,2,2,1,5,At Risk
CUST_02776,349,1,73.07,1,1,1,3,Needs Attention
CUST_02777,75,2,1130.67,3,2,2,7,Potential Loyalists
CUST_02778,320,3,6059.74,1,3,4,8,Loyal Customers
CUST_02779,130,2,6913.639999999999,2,2,4,8,Loyal Customers
CUST_02780,90,2,6974.61,3,2,4,9,Loyal Customers
CUST_02781,60,4,2115.64,3,3,2,8,Loyal Customers
CUST_02782,181,2,990.5899999999999,2,2,2,6,Potential Loyalists
CUST_02783,118,6,3066.14,2,4,3,9,Loyal Customers
CUST_02784,191,4,5261.37,1,3,3,7,Potential Loyalists
CUST_02785,11,6,9297.6,4,4,4,12,Champions
CUST_02786,249,1,3018.69,1,1,3,5,At Risk
CUST_02787,73,1,1262.4,3,1,2,6,Potential Loyalists
CUST_02788,47,3,5951.969999999999,3,3,4,10,Champions
CUST_02789,210,3,7763.93,1,3,4,8,Loyal Customers
CUST_02790,32,3,606.1700000000001,4,3,1,8,Loyal Customers
CUST_02791,30,9,7579.2300000000005,4,4,4,12,Champions
CUST_02792,59,1,150.12,3,1,1,5,At Risk
CUST_02793,52,4,2755.94,3,3,3,9,Loyal Customers
CUST_02794,130,1,7292.68,2,1,4,7,Potential Loyalists
CUST_02795,76,2,6563.25,3,2,4,9,Loyal Customers
CUST_02796,77,2,1465.4399999999998,3,2,2,7,Potential Loyalists
CUST_02797,67,2,1007.01,3,2,2,7,Potential Loyalists
CUST_02798,21,3,676.04,4,3,1,8,Loyal Customers
CUST_02799,129,1,3278.25,2,1,3,6,Potential Loyalists
CUST_02800,162,2,1658.74,2,2,2,6,Potential Loyalists
CUST_02801,194,7,12661.5,1,4,4,9,Loyal Customers
CUST_02802,62,3,8075.29,3,3,4,10,Champions
CUST_02803,172,4,3070.31,2,3,3,8,Loyal Customers
CUST_02804,62,9,15554.039999999999,3,4,4,11,Champions
CUST_02805,197,3,770.9000000000001,1,3,1,5,At Risk
CUST_02806,41,5,8032.88,3,4,4,11,Champions
CUST_02807,55,10,28138.690000000002,3,4,4,11,Champions
CUST_02808,120,4,4572.86,2,3,3,8,Loyal Customers
CUST_02809,134,7,5949.58,2,4,4,10,Champions
CUST_02810,208,1,249.78,1,1,1,3,Needs Attention
CUST_02811,61,3,5919.12,3,3,4,10,Champions
CUST_02812,8,3,2366.77,4,3,2,9,Loyal Customers
CUST_02813,226,1,37.39,1,1,1,3,Needs Attention
CUST_02814,7,2,687.3100000000001,4,2,1,7,Potential Loyalists
CUST_02815,20,2,564.74,4,2,1,7,Potential Loyalists
CUST_02816,98,4,5992.129999999999,2,3,4,9,Loyal Customers
CUST_02817,91,4,1052.99,3,3,2,8,Loyal Customers
CUST_02818,88,3,15466.26,3,3,4,10,Champions
CUST_02819,17,1,1275.4,4,1,2,7,Potential Loyalists
CUST_02820,430,1,306.22,1,1,1,3,Needs Attention
CUST_02821,89,2,3770.0499999999997,3,2,3,8,Loyal Customers
CUST_02822,312,1,99.28,1,1,1,3,Needs Attention
CUST_02823,441,1,1356.83,1,1,2,4,At Risk
CUST_02824,31,9,8424.64,4,4,4,12,Champions
CUST_02825,9,5,1027.22,4,4,2,10,Champions
CUST_02826,260,3,6845.22,1,3,4,8,Loyal Customers
CUST_02827,17,7,9932.6,4,4,4,12,Champions
CUST_02828,160,5,8854.599999999999,2,4,4,10,Champions
CUST_02829,247,1,7603.29,1,1,4,6,Potential Loyalists
CUST_02830,41,4,2545.4399999999996,3,3,3,9,Loyal Customers
CUST_02831,155,6,2521.8,2,4,3,9,Loyal Customers
CUST_02832,53,1,619.3,3,1,1,5,At Risk
CUST_02833,18,3,648.51,4,3,1,8,Loyal Customers
CUST_02834,1,5,1022.39,4,4,2,10,Champions
CUST_02835,206,2,1120.61,1,2,2,5,At Risk
CUST_02836,63,3,2486.24,3,3,2,8,Loyal Customers
CUST_02837,7,9,6890.67,4,4,4,12,Champions
CUST_02838,49,2,12534.89,3,2,4,9,Loyal Customers
CUST_02839,31,2,3342.6,4,2,3,9,Loyal Customers
CUST_02840,47,2,1650.39,3,2,2,7,Potential Loyalists
CUST_02841,340,2,517.98,1,2,1,4,At Risk
CUST_02842,182,1,3883.35,2,1,3,6,Potential Loyalists
CUST_02843,115,2,2432.55,2,2,2,6,Potential Loyalists
CUST_02844,61,3,2358.38,3,3,2,8,Loyal Customers
CUST_02845,76,2,401.06,3,2,1,6,Potential Loyalists
CUST_02846,163,1,1620.75,2,1,2,5,At Risk
CUST_02847,84,9,6473.07,3,4,4,11,Champions
CUST_02848,157,3,1204.37,2,3,2,7,Potential Loyalists
CUST_02849,177,3,1310.96,2,3,2,7,Potential Loyalists
CUST_02850,23,8,22869.28,4,4,4,12,Champions
CUST_02851,63,3,2049.5,3,3,2,8,Loyal Customers
CUST_02852,373,2,2158.25,1,2,2,5,At Risk
CUST_02853,115,2,931.12,2,2,2,6,Potential Loyalists
CUST_02854,32,4,1454.07,4,3,2,9,Loyal Customers
CUST_02855,23,2,2007.69,4,2,2,8,Loyal Customers
CUST_02856,187,2,29249.71,1,2,4,7,Potential Loyalists
CUST_02857,85,9,12881.98,3,4,4,11,Champions
CUST_02858,314,1,253.89,1,1,1,3,Needs Attention
CUST_02859,97,5,5974.54,2,4,4,10,Champions
CUST_02860,11,10,15321.66,4,4,4,12,Champions
CUST_02861,93,2,187.55,3,2,1,6,Potential Loyalists
CUST_02862,78,4,8432.130000000001,3,3,4,10,Champions
CUST_02863,97,2,1220.1,2,2,2,6,Potential Loyalists
CUST_02864,8,4,6966.82,4,3,4,11,Champions
CUST_02865,70,5,6250.109999999999,3,4,4,11,Champions
CUST_02866,77,6,2360.4900000000002,3,4,2,9,Loyal Customers
CUST_02867,5,8,3907.9500000000003,4,4,3,11,Champions
CUST_02868,71,4,3599.4700000000003,3,3,3,9,Loyal Customers
CUST_02869,441,1,82.66,1,1,1,3,Needs Attention
CUST_02870,83,8,8397.23,3,4,4,11,Champions
CUST_02871,59,6,8084.99,3,4,4,11,Champions
CUST_02872,220,4,1126.26,1,3,2,6,Potential Loyalists
CUST_02873,282,4,8822.029999999999,1,3,4,8,Loyal Customers
CUST_02874,377,1,279.88,1,1,1,3,Needs Attention
CUST_02875,286,1,252.22,1,1,1,3,Needs Attention
CUST_02876,179,2,881.89,2,2,1,5,At Risk
CUST_02877,35,4,10537.39,4,3,4,11,Champions
CUST_02878,130,4,1949.8600000000001,2,3,2,7,Potential Loyalists
CUST_02879,157,3,917.02,2,3,2,7,Potential Loyalists
CUST_02880,67,8,7432.37,3,4,4,11,Champions
CUST_02881,7,5,3926.28,4,4,3,11,Champions
CUST_02882,71,2,1330.4,3,2,2,7,Potential Loyalists
CUST_02883,319,1,168.2,1,1,1,3,Needs Attention
CUST_02884,26,9,12056.86,4,4,4,12,Champions
CUST_02885,47,1,83.32,3,1,1,5,At Risk
CUST_02886,99,5,1731.38,2,4,2,8,Loyal Customers
CUST_02887,175,2,816.0999999999999,2,2,1,5,At Risk
CUST_02888,207,1,664.2,1,1,1,3,Needs Attention
CUST_02889,192,4,2199.07,1,3,2,6,Potential Loyalists
CUST_02890,108,7,12856.460000000001,2,4,4,10,Champions
CUST_02891,43,3,5199.08,3,3,3,9,Loyal Customers
CUST_02892,89,2,800.5600000000001,3,2,1,6,Potential Loyalists
CUST_02893,217,3,361.13,1,3,1,5,At Risk
CUST_02894,41,4,5462.23,3,3,3,9,Loyal Customers
CUST_02895,67,5,5123.389999999999,3,4,3,10,Champions
CUST_02896,12,4,8281.36,4,3,4,11,Champions
CUST_02897,45,7,9744.95,3,4,4,11,Champions
CUST_02898,30,4,4829.23,4,3,3,10,Champions
CUST_02899,231,2,3081.69,1,2,3,6,Potential Loyalists
CUST_02900,52,6,6734.280000000001,3,4,4,11,Champions
CUST_02901,187,2,3994.23,1,2,3,6,Potential Loyalists
CUST_02902,73,4,6095.8,3,3,4,10,Champions
CUST_02903,48,4,1226.39,3,3,2,8,Loyal Customers
CUST_02904,9,4,17020.24,4,3,4,11,Champions
CUST_02905,23,5,6244.41,4,4,4,12,Champions
CUST_02906,93,3,249.78,3,3,1,7,Potential Loyalists
CUST_02907,55,2,1640.46,3,2,2,7,Potential Loyalists
CUST_02908,246,1,251.44,1,1,1,3,Needs Attention
CUST_02909,46,7,6848.72,3,4,4,11,Champions
CUST_02910,78,2,394.4,3,2,1,6,Potential Loyalists
CUST_02911,158,2,1780.1200000000001,2,2,2,6,Potential Loyalists
CUST_02912,144,4,5087.13,2,3,3,8,Loyal Customers
CUST_02913,23,4,6503.67,4,3,4,11,Champions
CUST_02914,114,4,1785.41,2,3,2,7,Potential Loyalists
CUST_02915,85,4,579.3100000000001,3,3,1,7,Potential Loyalists
CUST_02916,277,1,94.61,1,1,1,3,Needs Attention
CUST_02917,104,2,8078.21,2,2,4,8,Loyal Customers
CUST_02918,50,3,12793.220000000001,3,3,4,10,Champions
CUST_02919,119,7,9873.12,2,4,4,10,Champions
CUST_02920,118,4,25007.68,2,3,4,9,Loyal Customers
CUST_02921,192,2,515.9,1,2,1,4,At Risk
CUST_02922,37,7,5103.87,4,4,3,11,Champions
CUST_02923,15,7,6799.01,4,4,4,12,Champions
CUST_02924,351,1,1885.91,1,1,2,4,At Risk
CUST_02925,392,2,1056.4,1,2,2,5,At Risk
CUST_02926,80,1,680.35,3,1,1,5,At Risk
CUST_02927,29,5,5428.13,4,4,3,11,Champions
CUST_02928,36,10,10311.19,4,4,4,12,Champions
CUST_02929,71,3,2687.94,3,3,3,9,Loyal Customers
CUST_02930,222,3,1018.56,1,3,2,6,Potential Loyalists
CUST_02931,347,1,349.78,1,1,1,3,Needs Attention
CUST_02932,239,2,347.13,1,2,1,4,At Risk
CUST_02933,425,1,162.3,1,1,1,3,Needs Attention
CUST_02934,101,4,4695.14,2,3,3,8,Loyal Customers
CUST_02935,116,1,283.54,2,1,1,4,At Risk
CUST_02936,179,2,890.16,2,2,2,6,Potential Loyalists
CUST_02937,15,2,3621.87,4,2,3,9,Loyal Customers
CUST_02938,19,2,2969.1000000000004,4,2,3,9,Loyal Customers
CUST_02939,186,3,1751.23,1,3,2,6,Potential Loyalists
CUST_02940,20,2,2226.9,4,2,2,8,Loyal Customers
CUST_02941,89,2,263.35,3,2,1,6,Potential Loyalists
CUST_02942,67,1,33.37,3,1,1,5,At Risk
CUST_02943,315,2,2074.7000000000003,1,2,2,5,At Risk
CUST_02944,247,2,2819.09,1,2,3,6,Potential Loyalists
CUST_02945,318,4,1975.64,1,3,2,6,Potential Loyalists
CUST_02946,254,1,75.79,1,1,1,3,Needs Attention
CUST_02947,103,3,1976.44,2,3,2,7,Potential Loyalists
CUST_02948,10,4,2128.6099999999997,4,3,2,9,Loyal Customers
CUST_02949,28,7,2377.33,4,4,2,10,Champions
CUST_02950,396,1,1271.3,1,1,2,4,At Risk
CUST_02951,245,2,10939.93,1,2,4,7,Potential Loyalists
CUST_02952,2,3,2780.33,4,3,3,10,Champions
CUST_02953,370,2,1797.58,1,2,2,5,At Risk
CUST_02954,44,3,1487.18,3,3,2,8,Loyal Customers
CUST_02955,129,7,7868.950000000001,2,4,4,10,Champions
CUST_02956,114,5,11899.03,2,4,4,10,Champions
CUST_02957,190,8,13397.09,1,4,4,9,Loyal Customers
CUST_02958,134,4,4891.93,2,3,3,8,Loyal Customers
CUST_02959,164,3,10377.68,2,3,4,9,Loyal Customers
CUST_02960,64,1,152.7,3,1,1,5,At Risk
CUST_02961,354,1,235.9,1,1,1,3,Needs Attention
CUST_02962,180,5,11506.52,2,4,4,10,Champions
CUST_02963,156,4,813.3199999999999,2,3,1,6,Potential Loyalists
CUST_02964,81,3,4873.610000000001,3,3,3,9,Loyal Customers
CUST_02965,230,2,3557.5699999999997,1,2,3,6,Potential Loyalists
CUST_02966,27,4,7463.32,4,3,4,11,Champions
CUST_02967,15,7,13267.79,4,4,4,12,Champions
CUST_02968,108,1,824.47,2,1,1,4,At Risk
CUST_02969,241,2,1698.04,1,2,2,5,At Risk
CUST_02970,236,2,930.5600000000001,1,2,2,5,At Risk
CUST_02971,11,4,1179.04,4,3,2,9,Loyal Customers
CUST_02972,36,4,25590.149999999998,4,3,4,11,Champions
CUST_02973,117,1,1228.53,2,1,2,5,At Risk
CUST_02974,86,1,177.28,3,1,1,5,At Risk
CUST_02975,290,1,269.55,1,1,1,3,Needs Attention
CUST_02976,119,5,2443.1099999999997,2,4,2,8,Loyal Customers
CUST_02977,70,4,1480.52,3,3,2,8,Loyal Customers
CUST_02978,40,2,2402.88,3,2,2,7,Potential Loyalists
CUST_02979,128,2,591.86,2,2,1,5,At Risk
CUST_02980,127,5,7226.0599999999995,2,4,4,10,Champions
CUST_02981,14,3,2963.87,4,3,3,10,Champions
CUST_02982,51,5,4303.05,3,4,3,10,Champions
CUST_02983,39,6,5723.07,4,4,3,11,Champions
CUST_02984,134,3,2859.64,2,3,3,8,Loyal Customers
CUST_02985,104,3,8649.43,2,3,4,9,Loyal Customers
CUST_02986,178,2,9231.599999999999,2,2,4,8,Loyal Customers
CUST_02987,58,3,1919.47,3,3,2,8,Loyal Customers
CUST_02988,65,2,151.78,3,2,1,6,Potential Loyalists
CUST_02989,197,3,9488.32,1,3,4,8,Loyal Customers
CUST_02990,75,4,793.77,3,3,1,7,Potential Loyalists
CUST_02991,50,1,2202.41,3,1,2,6,Potential Loyalists
CUST_02992,215,4,2126.24,1,3,2,6,Potential Loyalists
CUST_02993,56,1,260.9,3,1,1,5,At Risk
CUST_02994,130,5,2426.21,2,4,2,8,Loyal Customers
CUST_02995,320,2,3121.91,1,2,3,6,Potential Loyalists
CUST_02996,35,2,908.1199999999999,4,2,2,8,Loyal Customers
CUST_02997,68,1,4202.0,3,1,3,7,Potential Loyalists
CUST_02998,34,8,6868.71,4,4,4,12,Champions
CUST_02999,219,1,421.52,1,1,1,3,Needs Attention
CUST_03000,274,3,12864.93,1,3,4,8,Loyal Customers
CUST_03001,85,4,1747.64,3,3,2,8,Loyal Customers
CUST_03002,27,7,2369.67,4,4,2,10,Champions
CUST_03003,52,3,751.36,3,3,1,7,Potential Loyalists
CUST_03004,131,2,3208.3199999999997,2,2,3,7,Potential Loyalists
CUST_03005,28,1,73.35,4,1,1,6,Potential Loyalists
CUST_03006,308,2,550.66,1,2,1,4,At Risk
CUST_03007,290,2,644.14,1,2,1,4,At Risk
CUST_03008,14,4,1590.6399999999999,4,3,2,9,Loyal Customers
CUST_03009,311,2,1636.0800000000002,1,2,2,5,At Risk
CUST_03010,15,8,11830.58,4,4,4,12,Champions
CUST_03011,229,1,73.88,1,1,1,3,Needs Attention
CUST_03012,243,2,3399.32,1,2,3,6,Potential Loyalists
CUST_03013,29,6,5945.31,4,4,4,12,Champions
CUST_03014,60,2,5930.69,3,2,4,9,Loyal Customers
CUST_03015,11,3,10037.43,4,3,4,11,Champions
CUST_03016,109,3,1437.21,2,3,2,7,Potential Loyalists
CUST_03017,94,3,1541.44,2,3,2,7,Potential Loyalists
CUST_03018,315,2,440.95,1,2,1,4,At Risk
CUST_03019,49,9,4454.0599999999995,3,4,3,10,Champions
CUST_03020,183,1,7382.04,2,1,4,7,Potential Loyalists
CUST_03021,284,1,95.96,1,1,1,3,Needs Attention
CUST_03022,172,2,2880.4199999999996,2,2,3,7,Potential Loyalists
CUST_03023,66,2,2000.01,3,2,2,7,Potential Loyalists
CUST_03024,18,5,1998.67,4,4,2,10,Champions
CUST_03025,75,3,1489.94,3,3,2,8,Loyal Customers
CUST_03026,22,4,1686.0700000000002,4,3,2,9,Loyal Customers
CUST_03027,47,3,7149.17,3,3,4,10,Champions
CUST_03028,284,2,683.5,1,2,1,4,At Risk
CUST_03029,216,2,1056.55,1,2,2,5,At Risk
CUST_03030,95,2,1438.02,2,2,2,6,Potential Loyalists
CUST_03031,72,5,6030.08,3,4,4,11,Champions
CUST_03032,46,8,9542.08,3,4,4,11,Champions
CUST_03033,337,1,264.18,1,1,1,3,Needs Attention
CUST_03034,43,3,3039.5099999999998,3,3,3,9,Loyal Customers
CUST_03035,316,1,409.65,1,1,1,3,Needs Attention
CUST_03036,143,1,420.8,2,1,1,4,At Risk
CUST_03037,48,2,5694.990000000001,3,2,3,8,Loyal Customers
CUST_03038,15,3,1493.91,4,3,2,9,Loyal Customers
CUST_03039,103,5,1752.5800000000002,2,4,2,8,Loyal Customers
CUST_03040,186,6,9724.91,1,4,4,9,Loyal Customers
CUST_03041,14,6,28463.519999999997,4,4,4,12,Champions
CUST_03042,121,1,289.1,2,1,1,4,At Risk
CUST_03043,239,1,146.01,1,1,1,3,Needs Attention
CUST_03044,7,7,3462.92,4,4,3,11,Champions
CUST_03045,23,9,8198.3,4,4,4,12,Champions
CUST_03046,22,3,7179.76,4,3,4,11,Champions
CUST_03047,80,4,6303.76,3,3,4,10,Champions
CUST_03048,237,1,764.69,1,1,1,3,Needs Attention
CUST_03049,29,5,19913.21,4,4,4,12,Champions
CUST_03050,188,5,2467.71,1,4,2,7,Potential Loyalists
CUST_03051,323,2,5179.3,1,2,3,6,Potential Loyalists
CUST_03052,12,7,11165.089999999998,4,4,4,12,Champions
CUST_03053,68,4,8582.8,3,3,4,10,Champions
CUST_03054,85,7,23716.34,3,4,4,11,Champions
CUST_03055,105,3,1097.46,2,3,2,7,Potential Loyalists
CUST_03056,306,2,1425.1000000000001,1,2,2,5,At Risk
CUST_03057,86,8,11949.800000000001,3,4,4,11,Champions
CUST_03058,97,4,3169.3500000000004,2,3,3,8,Loyal Customers
CUST_03059,148,2,2296.15,2,2,2,6,Potential Loyalists
CUST_03060,9,5,4931.0599999999995,4,4,3,11,Champions
CUST_03061,250,1,5581.34,1,1,3,5,At Risk
CUST_03062,183,1,6096.09,2,1,4,7,Potential Loyalists
CUST_03063,74,3,6836.17,3,3,4,10,Champions
CUST_03064,66,1,263.51,3,1,1,5,At Risk
CUST_03065,67,2,1340.74,3,2,2,7,Potential Loyalists
CUST_03066,71,3,1728.08,3,3,2,8,Loyal Customers
CUST_03067,107,4,11594.09,2,3,4,9,Loyal Customers
CUST_03068,189,2,7137.8,1,2,4,7,Potential Loyalists
CUST_03069,20,4,3578.91,4,3,3,10,Champions
CUST_03070,5,5,1551.6100000000001,4,4,2,10,Champions
CUST_03071,106,3,676.81,2,3,1,6,Potential Loyalists
CUST_03072,256,3,1127.67,1,3,2,6,Potential Loyalists
CUST_03073,13,4,991.86,4,3,2,9,Loyal Customers
CUST_03074,317,1,52.2,1,1,1,3,Needs Attention
CUST_03075,169,4,12994.960000000001,2,3,4,9,Loyal Customers
CUST_03076,213,1,575.16,1,1,1,3,Needs Attention
CUST_03077,26,4,3897.49,4,3,3,10,Champions
CUST_03078,16,6,6567.629999999999,4,4,4,12,Champions
CUST_03079,44,3,1526.4199999999998,3,3,2,8,Loyal Customers
CUST_03080,37,4,4462.889999999999,4,3,3,10,Champions
CUST_03081,225,3,11865.24,1,3,4,8,Loyal Customers
CUST_03082,291,2,2027.5900000000001,1,2,2,5,At Risk
CUST_03083,43,4,656.4,3,3,1,7,Potential Loyalists
CUST_03084,139,2,29427.769999999997,2,2,4,8,Loyal Customers
CUST_03085,95,7,2744.31,2,4,3,9,Loyal Customers
CUST_03086,24,3,1007.45,4,3,2,9,Loyal Customers
CUST_03087,250,3,3513.43,1,3,3,7,Potential Loyalists
CUST_03088,61,8,18555.96,3,4,4,11,Champions
CUST_03089,55,2,1708.56,3,2,2,7,Potential Loyalists
CUST_03090,326,1,943.2,1,1,2,4,At Risk
CUST_03091,381,1,148.17,1,1,1,3,Needs Attention
CUST_03092,306,3,4351.700000000001,1,3,3,7,Potential Loyalists
CUST_03093,212,3,4029.78,1,3,3,7,Potential Loyalists
CUST_03094,78,4,2556.37,3,3,3,9,Loyal Customers
CUST_03095,7,5,2938.2300000000005,4,4,3,11,Champions
CUST_03096,64,3,1045.77,3,3,2,8,Loyal Customers
CUST_03097,74,7,3690.3199999999997,3,4,3,10,Champions
CUST_03098,188,4,9100.4,1,3,4,8,Loyal Customers
CUST_03099,162,2,3622.3900000000003,2,2,3,7,Potential Loyalists
CUST_03100,11,4,945.71,4,3,2,9,Loyal Customers
CUST_03101,163,4,1037.46,2,3,2,7,Potential Loyalists
CUST_03102,87,3,3350.06,3,3,3,9,Loyal Customers
CUST_03103,100,8,6296.1,2,4,4,10,Champions
CUST_03104,122,6,2122.67,2,4,2,8,Loyal Customers
CUST_03105,162,5,1145.2,2,4,2,8,Loyal Customers
CUST_03106,72,2,577.04,3,2,1,6,Potential Loyalists
CUST_03107,9,2,258.06,4,2,1,7,Potential Loyalists
CUST_03108,295,2,1232.28,1,2,2,5,At Risk
CUST_03109,76,2,3893.74,3,2,3,8,Loyal Customers
CUST_03110,33,1,143.32,4,1,1,6,Potential Loyalists
CUST_03111,383,3,1535.81,1,3,2,6,Potential Loyalists
CUST_03112,110,2,392.92,2,2,1,5,At Risk
CUST_03113,10,6,15000.03,4,4,4,12,Champions
CUST_03114,5,2,1583.65,4,2,2,8,Loyal Customers
CUST_03115,144,2,395.81,2,2,1,5,At Risk
CUST_03116,70,5,9736.68,3,4,4,11,Champions
CUST_03117,33,7,4756.24,4,4,3,11,Champions
CUST_03118,98,9,6183.53,2,4,4,10,Champions
CUST_03119,145,2,624.41,2,2,1,5,At Risk
CUST_03120,414,1,216.21,1,1,1,3,Needs Attention
CUST_03121,95,3,2592.54,2,3,3,8,Loyal Customers
CUST_03122,211,6,5565.71,1,4,3,8,Loyal Customers
CUST_03123,222,9,34205.2,1,4,4,9,Loyal Customers
CUST_03124,112,4,1668.4099999999999,2,3,2,7,Potential Loyalists
CUST_03125,412,1,1604.04,1,1,2,4,At Risk
CUST_03126,102,1,181.42,2,1,1,4,At Risk
CUST_03127,27,4,5402.34,4,3,3,10,Champions
CUST_03128,104,2,26386.49,2,2,4,8,Loyal Customers
CUST_03129,104,4,5792.539999999999,2,3,3,8,Loyal Customers
CUST_03130,263,2,631.44,1,2,1,4,At Risk
CUST_03131,419,1,486.75,1,1,1,3,Needs Attention
CUST_03132,300,3,4417.6900000000005,1,3,3,7,Potential Loyalists
CUST_03133,38,6,8632.81,4,4,4,12,Champions
CUST_03134,11,3,399.39,4,3,1,8,Loyal Customers
CUST_03135,105,10,23671.260000000002,2,4,4,10,Champions
CUST_03136,142,2,1902.4599999999998,2,2,2,6,Potential Loyalists
CUST_03137,5,10,4658.25,4,4,3,11,Champions
CUST_03138,20,3,3834.68,4,3,3,10,Champions
CUST_03139,27,2,973.4399999999999,4,2,2,8,Loyal Customers
CUST_03140,10,9,8873.27,4,4,4,12,Champions
CUST_03141,10,5,8724.6,4,4,4,12,Champions
CUST_03142,23,4,2136.31,4,3,2,9,Loyal Customers
CUST_03143,83,3,4044.95,3,3,3,9,Loyal Customers
CUST_03144,76,2,4197.39,3,2,3,8,Loyal Customers
CUST_03145,168,4,6312.48,2,3,4,9,Loyal Customers
CUST_03146,93,2,2653.08,3,2,3,8,Loyal Customers
CUST_03147,22,3,9423.779999999999,4,3,4,11,Champions
CUST_03148,303,1,74.93,1,1,1,3,Needs Attention
CUST_03149,196,6,39834.61,1,4,4,9,Loyal Customers
CUST_03150,185,4,3962.2,2,3,3,8,Loyal Customers
CUST_03151,175,6,8685.17,2,4,4,10,Champions
CUST_03152,165,1,326.37,2,1,1,4,At Risk
CUST_03153,123,5,1280.74,2,4,2,8,Loyal Customers
CUST_03154,41,4,9315.39,3,3,4,10,Champions
CUST_03155,122,3,1394.11,2,3,2,7,Potential Loyalists
CUST_03156,326,1,125.95,1,1,1,3,Needs Attention
CUST_03157,74,5,2248.37,3,4,2,9,Loyal Customers
CUST_03158,35,7,3708.97,4,4,3,11,Champions
CUST_03159,32,9,11939.66,4,4,4,12,Champions
CUST_03160,154,1,604.59,2,1,1,4,At Risk
CUST_03161,244,2,535.0,1,2,1,4,At Risk
CUST_03162,46,5,8616.5,3,4,4,11,Champions
CUST_03163,40,5,3685.08,3,4,3,10,Champions
CUST_03164,39,4,1703.28,4,3,2,9,Loyal Customers
CUST_03165,277,2,1316.25,1,2,2,5,At Risk
CUST_03166,169,2,12210.86,2,2,4,8,Loyal Customers
CUST_03167,273,4,5983.0,1,3,4,8,Loyal Customers
CUST_03168,25,3,1459.26,4,3,2,9,Loyal Customers
CUST_03169,68,2,21841.03,3,2,4,9,Loyal Customers
CUST_03170,17,8,3565.41,4,4,3,11,Champions
CUST_03171,230,1,86.09,1,1,1,3,Needs Attention
CUST_03172,105,2,2026.42,2,2,2,6,Potential Loyalists
CUST_03173,8,8,5488.73,4,4,3,11,Champions
CUST_03174,18,2,59.97,4,2,1,7,Potential Loyalists
CUST_03175,57,4,15768.050000000001,3,3,4,10,Champions
CUST_03176,153,9,5937.89,2,4,4,10,Champions
CUST_03177,80,6,6525.79,3,4,4,11,Champions
CUST_03178,41,5,4496.08,3,4,3,10,Champions
CUST_03179,51,3,1716.45,3,3,2,8,Loyal Customers
CUST_03180,42,2,729.5,3,2,1,6,Potential Loyalists
CUST_03181,203,4,1412.37,1,3,2,6,Potential Loyalists
CUST_03182,221,2,3114.34,1,2,3,6,Potential Loyalists
CUST_03183,190,2,4471.59,1,2,3,6,Potential Loyalists
CUST_03184,251,4,4071.1,1,3,3,7,Potential Loyalists
CUST_03185,122,1,1497.6,2,1,2,5,At Risk
CUST_03186,91,1,6036.99,3,1,4,8,Loyal Customers
CUST_03187,189,4,3454.9300000000003,1,3,3,7,Potential Loyalists
CUST_03188,57,2,1617.7199999999998,3,2,2,7,Potential Loyalists
CUST_03189,65,3,925.5600000000001,3,3,2,8,Loyal Customers
CUST_03190,140,2,700.24,2,2,1,5,At Risk
CUST_03191,61,1,3980.9,3,1,3,7,Potential Loyalists
CUST_03192,334,1,2796.8,1,1,3,5,At Risk
CUST_03193,11,3,1182.35,4,3,2,9,Loyal Customers
CUST_03194,97,2,1354.27,2,2,2,6,Potential Loyalists
CUST_03195,4,4,3394.59,4,3,3,10,Champions
CUST_03196,127,2,2024.1799999999998,2,2,2,6,Potential Loyalists
CUST_03197,20,5,3679.3300000000004,4,4,3,11,Champions
CUST_03198,88,7,6030.22,3,4,4,11,Champions
CUST_03199,362,1,10180.3,1,1,4,6,Potential Loyalists
CUST_03200,281,2,341.27,1,2,1,4,At Risk
CUST_03201,395,1,992.76,1,1,2,4,At Risk
CUST_03202,200,2,1365.8600000000001,1,2,2,5,At Risk
CUST_03203,41,3,4729.63,3,3,3,9,Loyal Customers
CUST_03204,60,4,4588.05,3,3,3,9,Loyal Customers
CUST_03205,107,4,7332.400000000001,2,3,4,9,Loyal Customers
CUST_03206,5,2,11854.3,4,2,4,10,Champions
CUST_03207,20,4,3203.93,4,3,3,10,Champions
CUST_03208,41,4,1583.53,3,3,2,8,Loyal Customers
CUST_03209,26,3,2344.84,4,3,2,9,Loyal Customers
CUST_03210,105,4,2333.2999999999997,2,3,2,7,Potential Loyalists
CUST_03211,19,4,1574.1299999999999,4,3,2,9,Loyal Customers
CUST_03212,381,1,1157.28,1,1,2,4,At Risk
CUST_03213,203,1,628.03,1,1,1,3,Needs Attention
CUST_03214,231,2,111.71000000000001,1,2,1,4,At Risk
CUST_03215,338,1,5557.78,1,1,3,5,At Risk
CUST_03216,6,1,4068.76,4,1,3,8,Loyal Customers
CUST_03217,20,5,3266.13,4,4,3,11,Champions
CUST_03218,6,2,6146.1,4,2,4,10,Champions
CUST_03219,13,7,2109.33,4,4,2,10,Champions
CUST_03220,186,5,2179.59,1,4,2,7,Potential Loyalists
CUST_03221,47,4,7154.1,3,3,4,10,Champions
CUST_03222,64,6,7638.0599999999995,3,4,4,11,Champions
CUST_03223,30,3,1806.67,4,3,2,9,Loyal Customers
CUST_03224,181,3,2777.83,2,3,3,8,Loyal Customers
CUST_03225,74,3,1051.01,3,3,2,8,Loyal Customers
CUST_03226,48,3,7410.26,3,3,4,10,Champions
CUST_03227,88,9,10106.21,3,4,4,11,Champions
CUST_03228,132,2,1234.0,2,2,2,6,Potential Loyalists
CUST_03229,428,1,499.2,1,1,1,3,Needs Attention
CUST_03230,14,8,4995.9400000000005,4,4,3,11,Champions
CUST_03231,86,3,2267.25,3,3,2,8,Loyal Customers
CUST_03232,19,3,6005.03,4,3,4,11,Champions
CUST_03233,238,2,908.5500000000001,1,2,2,5,At Risk
CUST_03234,310,2,2774.17,1,2,3,6,Potential Loyalists
CUST_03235,57,2,5107.820000000001,3,2,3,8,Loyal Customers
CUST_03236,301,1,91.68,1,1,1,3,Needs Attention
CUST_03237,131,2,4002.85,2,2,3,7,Potential Loyalists
CUST_03238,253,2,1240.6799999999998,1,2,2,5,At Risk
CUST_03239,330,2,666.99,1,2,1,4,At Risk
CUST_03240,43,5,2115.7299999999996,3,4,2,9,Loyal Customers
CUST_03241,16,3,1999.13,4,3,2,9,Loyal Customers
CUST_03242,229,3,2106.64,1,3,2,6,Potential Loyalists
CUST_03243,10,3,2735.2,4,3,3,10,Champions
CUST_03244,192,2,2485.6400000000003,1,2,2,5,At Risk
CUST_03245,120,5,2062.61,2,4,2,8,Loyal Customers
CUST_03246,85,2,1082.5,3,2,2,7,Potential Loyalists
CUST_03247,169,1,1387.52,2,1,2,5,At Risk
CUST_03248,110,8,3781.34,2,4,3,9,Loyal Customers
CUST_03249,23,3,6814.19,4,3,4,11,Champions
CUST_03250,83,1,95.57,3,1,1,5,At Risk
CUST_03251,84,2,317.52,3,2,1,6,Potential Loyalists
CUST_03252,47,4,459.39,3,3,1,7,Potential Loyalists
CUST_03253,12,5,2848.2,4,4,3,11,Champions
CUST_03254,339,1,4041.48,1,1,3,5,At Risk
CUST_03255,188,2,533.7,1,2,1,4,At Risk
CUST_03256,137,7,10006.1,2,4,4,10,Champions
CUST_03257,234,3,17616.99,1,3,4,8,Loyal Customers
CUST_03258,7,7,14215.4,4,4,4,12,Champions
CUST_03259,157,1,193.62,2,1,1,4,At Risk
CUST_03260,131,3,11967.730000000001,2,3,4,9,Loyal Customers
CUST_03261,436,1,5341.51,1,1,3,5,At Risk
CUST_03262,93,4,614.58,3,3,1,7,Potential Loyalists
CUST_03263,132,7,9504.5,2,4,4,10,Champions
CUST_03264,6,3,5329.4,4,3,3,10,Champions
CUST_03265,128,3,2159.1,2,3,2,7,Potential Loyalists
CUST_03266,115,3,15179.95,2,3,4,9,Loyal Customers
CUST_03267,51,3,1011.26,3,3,2,8,Loyal Customers
CUST_03268,272,1,524.15,1,1,1,3,Needs Attention
CUST_03269,246,3,8420.4,1,3,4,8,Loyal Customers
CUST_03270,77,2,109.06,3,2,1,6,Potential Loyalists
CUST_03271,50,3,820.9000000000001,3,3,1,7,Potential Loyalists
CUST_03272,57,4,4637.04,3,3,3,9,Loyal Customers
CUST_03273,82,2,877.3199999999999,3,2,1,6,Potential Loyalists
CUST_03274,18,2,502.64000000000004,4,2,1,7,Potential Loyalists
CUST_03275,198,1,1199.1,1,1,2,4,At Risk
CUST_03276,360,1,517.26,1,1,1,3,Needs Attention
CUST_03277,198,1,928.4,1,1,2,4,At Risk
CUST_03278,112,6,2320.22,2,4,2,8,Loyal Customers
CUST_03279,346,1,12355.92,1,1,4,6,Potential Loyalists
CUST_03280,69,5,1823.5,3,4,2,9,Loyal Customers
CUST_03281,219,4,1304.79,1,3,2,6,Potential Loyalists
CUST_03282,20,4,5321.82,4,3,3,10,Champions
CUST_03283,150,4,3065.45,2,3,3,8,Loyal Customers
CUST_03284,84,8,20190.78,3,4,4,11,Champions
CUST_03285,6,10,12215.79,4,4,4,12,Champions
CUST_03286,23,3,8213.09,4,3,4,11,Champions
CUST_03287,91,1,107.08,3,1,1,5,At Risk
CUST_03288,13,3,9393.369999999999,4,3,4,11,Champions
CUST_03289,174,2,1382.52,2,2,2,6,Potential Loyalists
CUST_03290,44,4,21087.72,3,3,4,10,Champions
CUST_03291,43,3,9868.15,3,3,4,10,Champions
CUST_03292,437,1,941.28,1,1,2,4,At Risk
CUST_03293,253,1,24.61,1,1,1,3,Needs Attention
CUST_03294,146,2,779.6099999999999,2,2,1,5,At Risk
CUST_03295,38,3,13078.55,4,3,4,11,Champions
CUST_03296,166,2,1560.31,2,2,2,6,Potential Loyalists
CUST_03297,80,8,11567.279999999999,3,4,4,11,Champions
CUST_03298,395,1,905.61,1,1,2,4,At Risk
CUST_03299,303,1,54.05,1,1,1,3,Needs Attention
CUST_03300,230,1,1125.96,1,1,2,4,At Risk
CUST_03301,105,3,1313.34,2,3,2,7,Potential Loyalists
CUST_03302,16,6,1051.2,4,4,2,10,Champions
CUST_03303,23,6,3883.6800000000003,4,4,3,11,Champions
CUST_03304,255,1,412.2,1,1,1,3,Needs Attention
CUST_03305,160,6,4961.39,2,4,3,9,Loyal Customers
CUST_03306,4,3,6690.469999999999,4,3,4,11,Champions
CUST_03307,35,3,1252.72,4,3,2,9,Loyal Customers
CUST_03308,47,7,7257.76,3,4,4,11,Champions
CUST_03309,86,2,219.26000000000002,3,2,1,6,Potential Loyalists
CUST_03310,159,3,1326.21,2,3,2,7,Potential Loyalists
CUST_03311,8,8,10085.560000000001,4,4,4,12,Champions
CUST_03312,127,6,5178.9400000000005,2,4,3,9,Loyal Customers
CUST_03313,44,1,614.86,3,1,1,5,At Risk
CUST_03314,80,4,2479.08,3,3,2,8,Loyal Customers
CUST_03315,65,3,1170.9099999999999,3,3,2,8,Loyal Customers
CUST_03316,177,1,292.08,2,1,1,4,At Risk
CUST_03317,33,4,7896.030000000001,4,3,4,11,Champions
CUST_03318,86,5,5183.27,3,4,3,10,Champions
CUST_03319,7,9,8050.469999999999,4,4,4,12,Champions
CUST_03320,72,2,6624.67,3,2,4,9,Loyal Customers
CUST_03321,69,7,26278.57,3,4,4,11,Champions
CUST_03322,371,1,150.36,1,1,1,3,Needs Attention
CUST_03323,62,5,1725.67,3,4,2,9,Loyal Customers
CUST_03324,235,5,3090.1099999999997,1,4,3,8,Loyal Customers
CUST_03325,121,7,10952.43,2,4,4,10,Champions
CUST_03326,62,2,154.58999999999997,3,2,1,6,Potential Loyalists
CUST_03327,45,4,758.9200000000001,3,3,1,7,Potential Loyalists
CUST_03328,23,1,1739.6,4,1,2,7,Potential Loyalists
CUST_03329,125,5,5459.62,2,4,3,9,Loyal Customers
CUST_03330,71,6,2052.38,3,4,2,9,Loyal Customers
CUST_03331,78,2,823.43,3,2,1,6,Potential Loyalists
CUST_03332,404,1,280.98,1,1,1,3,Needs Attention
CUST_03333,35,4,3510.15,4,3,3,10,Champions
CUST_03334,135,1,227.24,2,1,1,4,At Risk
CUST_03335,15,4,6940.3,4,3,4,11,Champions
CUST_03336,53,5,2019.6699999999998,3,4,2,9,Loyal Customers
CUST_03337,80,3,1350.6,3,3,2,8,Loyal Customers
CUST_03338,62,3,992.76,3,3,2,8,Loyal Customers
CUST_03339,67,2,4241.31,3,2,3,8,Loyal Customers
CUST_03340,48,3,559.97,3,3,1,7,Potential Loyalists
CUST_03341,179,8,11831.15,2,4,4,10,Champions
CUST_03342,185,4,2079.42,2,3,2,7,Potential Loyalists
CUST_03343,276,2,4830.83,1,2,3,6,Potential Loyalists
CUST_03344,86,3,798.5799999999999,3,3,1,7,Potential Loyalists
CUST_03345,58,2,2591.6,3,2,3,8,Loyal Customers
CUST_03346,106,2,3184.87,2,2,3,7,Potential Loyalists
CUST_03347,103,3,6892.13,2,3,4,9,Loyal Customers
CUST_03348,102,4,7496.860000000001,2,3,4,9,Loyal Customers
CUST_03349,271,2,1351.06,1,2,2,5,At Risk
CUST_03350,65,8,6457.410000000001,3,4,4,11,Champions
CUST_03351,375,1,5584.26,1,1,3,5,At Risk
CUST_03352,220,4,1553.8600000000001,1,3,2,6,Potential Loyalists
CUST_03353,26,6,8597.06,4,4,4,12,Champions
CUST_03354,34,3,4093.2999999999997,4,3,3,10,Champions
CUST_03355,188,3,4328.84,1,3,3,7,Potential Loyalists
CUST_03356,27,5,3588.66,4,4,3,11,Champions
CUST_03357,8,6,4469.58,4,4,3,11,Champions
CUST_03358,34,8,19184.85,4,4,4,12,Champions
CUST_03359,79,3,1181.39,3,3,2,8,Loyal Customers
CUST_03360,56,2,4517.26,3,2,3,8,Loyal Customers
CUST_03361,5,7,6730.88,4,4,4,12,Champions
CUST_03362,52,7,1989.6599999999999,3,4,2,9,Loyal Customers
CUST_03363,26,2,987.21,4,2,2,8,Loyal Customers
CUST_03364,79,10,11515.98,3,4,4,11,Champions
CUST_03365,310,1,698.72,1,1,1,3,Needs Attention
CUST_03366,12,3,2275.9300000000003,4,3,2,9,Loyal Customers
CUST_03367,173,5,5716.26,2,4,3,9,Loyal Customers
CUST_03368,274,2,249.05,1,2,1,4,At Risk
CUST_03369,257,1,108.68,1,1,1,3,Needs Attention
CUST_03370,66,3,1293.8100000000002,3,3,2,8,Loyal Customers
CUST_03371,1,8,8834.11,4,4,4,12,Champions
CUST_03372,106,2,645.12,2,2,1,5,At Risk
CUST_03373,360,1,333.8,1,1,1,3,Needs Attention
CUST_03374,44,7,3104.21,3,4,3,10,Champions
CUST_03375,10,3,10189.64,4,3,4,11,Champions
CUST_03376,4,2,1010.23,4,2,2,8,Loyal Customers
CUST_03377,148,2,587.47,2,2,1,5,At Risk
CUST_03378,77,4,7422.37,3,3,4,10,Champions
CUST_03379,23,2,2647.77,4,2,3,9,Loyal Customers
CUST_03380,56,3,2821.46,3,3,3,9,Loyal Customers
CUST_03381,138,2,610.8199999999999,2,2,1,5,At Risk
CUST_03382,185,5,3792.7599999999998,2,4,3,9,Loyal Customers
CUST_03383,309,2,2048.38,1,2,2,5,At Risk
CUST_03384,62,2,554.05,3,2,1,6,Potential Loyalists
CUST_03385,103,2,459.58,2,2,1,5,At Risk
CUST_03386,100,6,3068.7400000000002,2,4,3,9,Loyal Customers
CUST_03387,177,2,1906.6899999999998,2,2,2,6,Potential Loyalists
CUST_03388,39,6,10464.48,4,4,4,12,Champions
CUST_03389,420,2,798.63,1,2,1,4,At Risk
CUST_03390,370,1,937.74,1,1,2,4,At Risk
CUST_03391,262,2,7284.3099999999995,1,2,4,7,Potential Loyalists
CUST_03392,15,4,3954.89,4,3,3,10,Champions
CUST_03393,79,2,1167.79,3,2,2,7,Potential Loyalists
CUST_03394,335,2,2939.25,1,2,3,6,Potential Loyalists
CUST_03395,132,1,542.76,2,1,1,4,At Risk
CUST_03396,16,6,16179.089999999998,4,4,4,12,Champions
CUST_03397,58,2,4597.39,3,2,3,8,Loyal Customers
CUST_03398,204,2,234.10999999999999,1,2,1,4,At Risk
CUST_03399,91,3,772.22,3,3,1,7,Potential Loyalists
CUST_03400,114,5,6840.0199999999995,2,4,4,10,Champions
CUST_03401,62,3,2709.32,3,3,3,9,Loyal Customers
CUST_03402,72,3,11999.03,3,3,4,10,Champions
CUST_03403,6,7,2186.75,4,4,2,10,Champions
CUST_03404,92,3,392.91999999999996,3,3,1,7,Potential Loyalists
CUST_03405,18,3,1073.07,4,3,2,9,Loyal Customers
CUST_03406,16,3,4467.04,4,3,3,10,Champions
CUST_03407,158,6,6760.11,2,4,4,10,Champions
CUST_03408,204,2,945.27,1,2,2,5,At Risk
CUST_03409,185,1,87.8,2,1,1,4,At Risk
CUST_03410,17,6,2608.22,4,4,3,11,Champions
CUST_03411,255,3,2531.79,1,3,3,7,Potential Loyalists
CUST_03412,92,3,3573.62,3,3,3,9,Loyal Customers
CUST_03413,75,8,4586.63,3,4,3,10,Champions
CUST_03414,94,2,315.37,2,2,1,5,At Risk
CUST_03415,261,1,1624.39,1,1,2,4,At Risk
CUST_03416,93,2,1491.1599999999999,3,2,2,7,Potential Loyalists
CUST_03417,41,5,3533.33,3,4,3,10,Champions
CUST_03418,59,3,804.1600000000001,3,3,1,7,Potential Loyalists
CUST_03419,140,1,212.84,2,1,1,4,At Risk
CUST_03420,300,2,146.88,1,2,1,4,At Risk
CUST_03421,13,7,4489.05,4,4,3,11,Champions
CUST_03422,123,3,477.67999999999995,2,3,1,6,Potential Loyalists
CUST_03423,91,3,3107.05,3,3,3,9,Loyal Customers
CUST_03424,317,2,2070.16,1,2,2,5,At Risk
CUST_03425,52,4,11763.65,3,3,4,10,Champions
CUST_03426,47,2,484.49,3,2,1,6,Potential Loyalists
CUST_03427,291,3,651.84,1,3,1,5,At Risk
CUST_03428,48,6,17998.07,3,4,4,11,Champions
CUST_03429,59,3,5876.68,3,3,4,10,Champions
CUST_03430,159,3,4793.34,2,3,3,8,Loyal Customers
CUST_03431,64,3,1145.76,3,3,2,8,Loyal Customers
CUST_03432,76,3,953.26,3,3,2,8,Loyal Customers
CUST_03433,318,1,1023.7,1,1,2,4,At Risk
CUST_03434,2,7,2518.31,4,4,3,11,Champions
CUST_03435,212,2,787.4,1,2,1,4,At Risk
CUST_03436,24,4,1464.6399999999999,4,3,2,9,Loyal Customers
CUST_03437,31,2,17840.550000000003,4,2,4,10,Champions
CUST_03438,114,4,11270.539999999999,2,3,4,9,Loyal Customers
CUST_03439,42,2,1540.98,3,2,2,7,Potential Loyalists
CUST_03440,64,4,3111.2799999999997,3,3,3,9,Loyal Customers
CUST_03441,51,2,1436.54,3,2,2,7,Potential Loyalists
CUST_03442,114,5,3946.25,2,4,3,9,Loyal Customers
CUST_03443,25,8,3905.98,4,4,3,11,Champions
CUST_03444,178,3,878.6700000000001,2,3,1,6,Potential Loyalists
CUST_03445,74,1,141.42,3,1,1,5,At Risk
CUST_03446,212,1,296.47,1,1,1,3,Needs Attention
CUST_03447,30,5,2190.3199999999997,4,4,2,10,Champions
CUST_03448,291,2,1774.25,1,2,2,5,At Risk
CUST_03449,61,2,8178.69,3,2,4,9,Loyal Customers
CUST_03450,137,1,47.16,2,1,1,4,At Risk
CUST_03451,305,2,269.87,1,2,1,4,At Risk
CUST_03452,156,3,2418.7299999999996,2,3,2,7,Potential Loyalists
CUST_03453,125,7,3441.08,2,4,3,9,Loyal Customers
CUST_03454,167,5,9189.64,2,4,4,10,Champions
CUST_03455,46,6,7334.71,3,4,4,11,Champions
CUST_03456,80,9,9522.18,3,4,4,11,Champions
CUST_03457,91,1,277.91,3,1,1,5,At Risk
CUST_03458,59,4,2377.57,3,3,2,8,Loyal Customers
CUST_03459,187,1,892.25,1,1,2,4,At Risk
CUST_03460,3,3,4796.43,4,3,3,10,Champions
CUST_03461,33,3,8412.13,4,3,4,11,Champions
CUST_03462,243,3,7525.629999999999,1,3,4,8,Loyal Customers
CUST_03463,34,5,10895.2,4,4,4,12,Champions
CUST_03464,77,9,5473.1,3,4,3,10,Champions
CUST_03465,21,1,185.98,4,1,1,6,Potential Loyalists
CUST_03466,62,6,4127.49,3,4,3,10,Champions
CUST_03467,50,1,84.09,3,1,1,5,At Risk
CUST_03468,36,2,1776.26,4,2,2,8,Loyal Customers
CUST_03469,299,1,102.18,1,1,1,3,Needs Attention
CUST_03470,126,5,13388.24,2,4,4,10,Champions
CUST_03471,444,1,453.36,1,1,1,3,Needs Attention
CUST_03472,113,1,385.68,2,1,1,4,At Risk
CUST_03473,79,2,7208.16,3,2,4,9,Loyal Customers
CUST_03474,221,2,203.54,1,2,1,4,At Risk
CUST_03475,299,1,295.32,1,1,1,3,Needs Attention
CUST_03476,45,2,414.45,3,2,1,6,Potential Loyalists
CUST_03477,171,10,12365.93,2,4,4,10,Champions
CUST_03478,107,2,6808.73,2,2,4,8,Loyal Customers
CUST_03479,9,5,1731.26,4,4,2,10,Champions
CUST_03480,272,2,831.3499999999999,1,2,1,4,At Risk
CUST_03481,161,7,24567.03,2,4,4,10,Champions
CUST_03482,58,4,1215.18,3,3,2,8,Loyal Customers
CUST_03483,60,2,1263.9,3,2,2,7,Potential Loyalists
CUST_03484,199,1,259.74,1,1,1,3,Needs Attention
CUST_03485,107,1,169.75,2,1,1,4,At Risk
CUST_03486,87,3,7499.870000000001,3,3,4,10,Champions
CUST_03487,59,8,4478.3099999999995,3,4,3,10,Champions
CUST_03488,384,2,1812.16,1,2,2,5,At Risk
CUST_03489,143,5,2359.44,2,4,2,8,Loyal Customers
CUST_03490,345,1,1549.31,1,1,2,4,At Risk
CUST_03491,217,2,235.35,1,2,1,4,At Risk
CUST_03492,107,3,3983.57,2,3,3,8,Loyal Customers
CUST_03493,125,2,2680.73,2,2,3,7,Potential Loyalists
CUST_03494,84,2,3122.16,3,2,3,8,Loyal Customers
CUST_03495,151,3,2900.9500000000003,2,3,3,8,Loyal Customers
CUST_03496,33,1,634.4,4,1,1,6,Potential Loyalists
CUST_03497,251,1,1661.82,1,1,2,4,At Risk
CUST_03498,27,1,1727.79,4,1,2,7,Potential Loyalists
CUST_03499,10,10,9021.66,4,4,4,12,Champions
CUST_03500,178,1,6584.76,2,1,4,7,Potential Loyalists
CUST_03501,23,7,2778.64,4,4,3,11,Champions
CUST_03502,198,2,329.88,1,2,1,4,At Risk
CUST_03503,4,3,2280.3,4,3,2,9,Loyal Customers
CUST_03504,6,5,2794.7,4,4,3,11,Champions
CUST_03505,210,2,11466.83,1,2,4,7,Potential Loyalists
CUST_03506,77,2,1304.63,3,2,2,7,Potential Loyalists
CUST_03507,54,5,6693.02,3,4,4,11,Champions
CUST_03508,82,1,429.75,3,1,1,5,At Risk
CUST_03509,199,2,1075.42,1,2,2,5,At Risk
CUST_03510,98,3,1458.26,2,3,2,7,Potential Loyalists
CUST_03511,183,2,2642.35,2,2,3,7,Potential Loyalists
CUST_03512,186,2,16381.39,1,2,4,7,Potential Loyalists
CUST_03513,345,1,116.26,1,1,1,3,Needs Attention
CUST_03514,114,2,309.98,2,2,1,5,At Risk
CUST_03515,92,5,1786.88,3,4,2,9,Loyal Customers
CUST_03516,85,2,1567.49,3,2,2,7,Potential Loyalists
CUST_03517,61,3,1955.93,3,3,2,8,Loyal Customers
CUST_03518,46,1,553.06,3,1,1,5,At Risk
CUST_03519,48,3,1346.79,3,3,2,8,Loyal Customers
CUST_03520,115,3,2808.16,2,3,3,8,Loyal Customers
CUST_03521,151,2,5188.53,2,2,3,7,Potential Loyalists
CUST_03522,22,1,286.09,4,1,1,6,Potential Loyalists
CUST_03523,51,9,9441.34,3,4,4,11,Champions
CUST_03524,210,2,631.99,1,2,1,4,At Risk
CUST_03525,199,3,759.21,1,3,1,5,At Risk
CUST_03526,52,4,6370.42,3,3,4,10,Champions
CUST_03527,147,3,1088.65,2,3,2,7,Potential Loyalists
CUST_03528,408,1,159.81,1,1,1,3,Needs Attention
CUST_03529,24,7,5183.83,4,4,3,11,Champions
CUST_03530,165,2,767.39,2,2,1,5,At Risk
CUST_03531,40,4,3726.4,3,3,3,9,Loyal Customers
CUST_03532,70,5,2854.0499999999997,3,4,3,10,Champions
CUST_03533,297,2,2048.18,1,2,2,5,At Risk
CUST_03534,92,4,3537.46,3,3,3,9,Loyal Customers
CUST_03535,64,1,1256.14,3,1,2,6,Potential Loyalists
CUST_03536,316,3,811.72,1,3,1,5,At Risk
CUST_03537,64,4,4783.51,3,3,3,9,Loyal Customers
CUST_03538,46,3,1208.36,3,3,2,8,Loyal Customers
CUST_03539,79,6,11500.02,3,4,4,11,Champions
CUST_03540,261,1,1122.08,1,1,2,4,At Risk
CUST_03541,438,1,115.88,1,1,1,3,Needs Attention
CUST_03542,161,2,347.07,2,2,1,5,At Risk
CUST_03543,126,4,3755.3500000000004,2,3,3,8,Loyal Customers
CUST_03544,220,1,2654.26,1,1,3,5,At Risk
CUST_03545,15,8,11935.05,4,4,4,12,Champions
CUST_03546,217,1,637.84,1,1,1,3,Needs Attention
CUST_03547,85,2,1023.5,3,2,2,7,Potential Loyalists
CUST_03548,66,10,17166.5,3,4,4,11,Champions
CUST_03549,33,3,878.47,4,3,1,8,Loyal Customers
CUST_03550,231,2,4038.42,1,2,3,6,Potential Loyalists
CUST_03551,47,3,13473.76,3,3,4,10,Champions
CUST_03552,93,4,8551.18,3,3,4,10,Champions
CUST_03553,83,5,12834.0,3,4,4,11,Champions
CUST_03554,16,4,3492.3199999999997,4,3,3,10,Champions
CUST_03555,35,6,5731.31,4,4,3,11,Champions
CUST_03556,272,2,634.8299999999999,1,2,1,4,At Risk
CUST_03557,106,2,13436.78,2,2,4,8,Loyal Customers
CUST_03558,328,1,482.64,1,1,1,3,Needs Attention
CUST_03559,76,2,736.88,3,2,1,6,Potential Loyalists
CUST_03560,161,2,3513.0699999999997,2,2,3,7,Potential Loyalists
CUST_03561,179,1,80.92,2,1,1,4,At Risk
CUST_03562,3,9,11138.25,4,4,4,12,Champions
CUST_03563,401,1,207.4,1,1,1,3,Needs Attention
CUST_03564,23,3,956.12,4,3,2,9,Loyal Customers
CUST_03565,184,1,302.6,2,1,1,4,At Risk
CUST_03566,125,4,5587.59,2,3,3,8,Loyal Customers
CUST_03567,11,4,9059.78,4,3,4,11,Champions
CUST_03568,3,2,252.07,4,2,1,7,Potential Loyalists
CUST_03569,70,6,6330.7,3,4,4,11,Champions
CUST_03570,180,2,4297.88,2,2,3,7,Potential Loyalists
CUST_03571,121,1,118.5,2,1,1,4,At Risk
CUST_03572,10,1,140.6,4,1,1,6,Potential Loyalists
CUST_03573,37,6,9452.81,4,4,4,12,Champions
CUST_03574,104,1,67.37,2,1,1,4,At Risk
CUST_03575,32,2,1394.54,4,2,2,8,Loyal Customers
CUST_03576,444,1,403.09,1,1,1,3,Needs Attention
CUST_03577,252,2,794.36,1,2,1,4,At Risk
CUST_03578,176,3,2815.8199999999997,2,3,3,8,Loyal Customers
CUST_03579,216,1,14501.2,1,1,4,6,Potential Loyalists
CUST_03580,14,10,11285.84,4,4,4,12,Champions
CUST_03581,48,2,262.96,3,2,1,6,Potential Loyalists
CUST_03582,86,3,1744.82,3,3,2,8,Loyal Customers
CUST_03583,110,3,1843.54,2,3,2,7,Potential Loyalists
CUST_03584,9,10,16413.899999999998,4,4,4,12,Champions
CUST_03585,401,1,22.68,1,1,1,3,Needs Attention
CUST_03586,58,1,71.23,3,1,1,5,At Risk
CUST_03587,277,1,6437.71,1,1,4,6,Potential Loyalists
CUST_03588,159,2,4659.39,2,2,3,7,Potential Loyalists
CUST_03589,87,5,2756.47,3,4,3,10,Champions
CUST_03590,61,3,834.99,3,3,1,7,Potential Loyalists
CUST_03591,170,2,500.82,2,2,1,5,At Risk
CUST_03592,39,4,6301.47,3,3,4,10,Champions
CUST_03593,86,4,8129.589999999999,3,3,4,10,Champions
CUST_03594,138,2,4120.47,2,2,3,7,Potential Loyalists
CUST_03595,60,3,376.93,3,3,1,7,Potential Loyalists
CUST_03596,5,10,10066.66,4,4,4,12,Champions
CUST_03597,27,4,4616.41,4,3,3,10,Champions
CUST_03598,354,1,449.54,1,1,1,3,Needs Attention
CUST_03599,379,2,2288.53,1,2,2,5,At Risk
CUST_03600,2,4,5837.45,4,3,4,11,Champions
CUST_03601,223,3,1081.44,1,3,2,6,Potential Loyalists
CUST_03602,7,2,4393.1,4,2,3,9,Loyal Customers
CUST_03603,66,3,3995.6000000000004,3,3,3,9,Loyal Customers
CUST_03604,309,2,2851.26,1,2,3,6,Potential Loyalists
CUST_03605,47,5,8350.75,3,4,4,11,Champions
CUST_03606,446,1,4843.92,1,1,3,5,At Risk
CUST_03607,203,1,186.09,1,1,1,3,Needs Attention
CUST_03608,12,6,11575.89,4,4,4,12,Champions
CUST_03609,151,2,10655.029999999999,2,2,4,8,Loyal Customers
CUST_03610,18,3,1004.22,4,3,2,9,Loyal Customers
CUST_03611,323,1,476.17,1,1,1,3,Needs Attention
CUST_03612,100,3,8544.56,2,3,4,9,Loyal Customers
CUST_03613,247,2,4545.75,1,2,3,6,Potential Loyalists
CUST_03614,273,3,7573.450000000001,1,3,4,8,Loyal Customers
CUST_03615,12,1,421.37,4,1,1,6,Potential Loyalists
CUST_03616,71,8,17013.980000000003,3,4,4,11,Champions
CUST_03617,335,2,2367.3599999999997,1,2,2,5,At Risk
CUST_03618,58,6,6528.1,3,4,4,11,Champions
CUST_03619,246,1,222.4,1,1,1,3,Needs Attention
CUST_03620,264,2,6536.76,1,2,4,7,Potential Loyalists
CUST_03621,1,3,4651.92,4,3,3,10,Champions
CUST_03622,56,2,1421.57,3,2,2,7,Potential Loyalists
CUST_03623,438,1,1567.94,1,1,2,4,At Risk
CUST_03624,78,1,393.89,3,1,1,5,At Risk
CUST_03625,141,2,1765.65,2,2,2,6,Potential Loyalists
CUST_03626,60,3,3288.3300000000004,3,3,3,9,Loyal Customers
CUST_03627,51,4,2612.8999999999996,3,3,3,9,Loyal Customers
CUST_03628,80,3,5714.79,3,3,3,9,Loyal Customers
CUST_03629,140,6,3066.52,2,4,3,9,Loyal Customers
CUST_03630,293,1,96.14,1,1,1,3,Needs Attention
CUST_03631,273,2,1336.9499999999998,1,2,2,5,At Risk
CUST_03632,216,2,3904.7999999999997,1,2,3,6,Potential Loyalists
CUST_03633,129,2,881.6400000000001,2,2,1,5,At Risk
CUST_03634,15,2,579.93,4,2,1,7,Potential Loyalists
CUST_03635,107,5,2948.26,2,4,3,9,Loyal Customers
CUST_03636,26,6,7082.16,4,4,4,12,Champions
CUST_03637,43,2,584.96,3,2,1,6,Potential Loyalists
CUST_03638,104,5,6219.5,2,4,4,10,Champions
CUST_03639,194,4,454.16,1,3,1,5,At Risk
CUST_03640,220,2,886.9699999999999,1,2,1,4,At Risk
CUST_03641,100,1,193.89,2,1,1,4,At Risk
CUST_03642,55,6,5595.37,3,4,3,10,Champions
CUST_03643,359,1,578.04,1,1,1,3,Needs Attention
CUST_03644,131,3,1665.5400000000002,2,3,2,7,Potential Loyalists
CUST_03645,27,4,1269.85,4,3,2,9,Loyal Customers
CUST_03646,247,1,6659.88,1,1,4,6,Potential Loyalists
CUST_03647,251,2,1125.75,1,2,2,5,At Risk
CUST_03648,149,3,3883.2000000000003,2,3,3,8,Loyal Customers
CUST_03649,185,3,6641.92,2,3,4,9,Loyal Customers
CUST_03650,64,1,403.58,3,1,1,5,At Risk
CUST_03651,152,1,1948.6,2,1,2,5,At Risk
CUST_03652,3,7,10693.710000000001,4,4,4,12,Champions
CUST_03653,255,2,11200.8,1,2,4,7,Potential Loyalists
CUST_03654,122,5,1516.79,2,4,2,8,Loyal Customers
CUST_03655,50,6,2338.5699999999997,3,4,2,9,Loyal Customers
CUST_03656,74,4,5787.68,3,3,3,9,Loyal Customers
CUST_03657,20,3,2928.32,4,3,3,10,Champions
CUST_03658,324,2,358.03,1,2,1,4,At Risk
CUST_03659,13,3,402.76,4,3,1,8,Loyal Customers
CUST_03660,178,2,12039.210000000001,2,2,4,8,Loyal Customers
CUST_03661,53,2,408.93,3,2,1,6,Potential Loyalists
CUST_03662,32,3,1767.74,4,3,2,9,Loyal Customers
CUST_03663,120,3,5978.67,2,3,4,9,Loyal Customers
CUST_03664,110,6,1901.07,2,4,2,8,Loyal Customers
CUST_03665,68,4,2574.94,3,3,3,9,Loyal Customers
CUST_03666,160,6,4691.75,2,4,3,9,Loyal Customers
CUST_03667,81,3,309.37,3,3,1,7,Potential Loyalists
CUST_03668,176,5,11246.77,2,4,4,10,Champions
CUST_03669,269,4,2783.83,1,3,3,7,Potential Loyalists
CUST_03670,206,2,858.22,1,2,1,4,At Risk
CUST_03671,71,3,963.98,3,3,2,8,Loyal Customers
CUST_03672,13,4,6525.85,4,3,4,11,Champions
CUST_03673,114,1,319.66,2,1,1,4,At Risk
CUST_03674,40,8,10420.99,3,4,4,11,Champions
CUST_03675,250,1,326.88,1,1,1,3,Needs Attention
CUST_03676,184,2,6536.219999999999,2,2,4,8,Loyal Customers
CUST_03677,59,2,3847.65,3,2,3,8,Loyal Customers
CUST_03678,134,6,9335.54,2,4,4,10,Champions
CUST_03679,87,5,10893.36,3,4,4,11,Champions
CUST_03680,92,3,1666.92,3,3,2,8,Loyal Customers
CUST_03681,72,7,3286.15,3,4,3,10,Champions
CUST_03682,82,2,1143.75,3,2,2,7,Potential Loyalists
CUST_03683,231,1,5235.29,1,1,3,5,At Risk
CUST_03684,87,1,4833.35,3,1,3,7,Potential Loyalists
CUST_03685,1,8,28905.899999999998,4,4,4,12,Champions
CUST_03686,67,2,800.91,3,2,1,6,Potential Loyalists
CUST_03687,74,3,4236.34,3,3,3,9,Loyal Customers
CUST_03688,121,2,367.1,2,2,1,5,At Risk
CUST_03689,366,2,649.55,1,2,1,4,At Risk
CUST_03690,78,5,15506.359999999999,3,4,4,11,Champions
CUST_03691,40,4,20931.55,3,3,4,10,Champions
CUST_03692,174,4,5260.650000000001,2,3,3,8,Loyal Customers
CUST_03693,87,9,5520.88,3,4,3,10,Champions
CUST_03694,4,6,3418.08,4,4,3,11,Champions
CUST_03695,29,6,7253.0,4,4,4,12,Champions
CUST_03696,143,2,821.0,2,2,1,5,At Risk
CUST_03697,247,1,381.06,1,1,1,3,Needs Attention
CUST_03698,40,5,2375.0,3,4,2,9,Loyal Customers
CUST_03699,356,2,195.07,1,2,1,4,At Risk
CUST_03700,81,10,8349.4,3,4,4,11,Champions
CUST_03701,138,2,100.41,2,2,1,5,At Risk
CUST_03702,198,4,2294.48,1,3,2,6,Potential Loyalists
CUST_03703,35,2,1855.6000000000001,4,2,2,8,Loyal Customers
CUST_03704,59,1,219.32,3,1,1,5,At Risk
CUST_03705,347,2,259.02,1,2,1,4,At Risk
CUST_03706,169,4,18191.45,2,3,4,9,Loyal Customers
CUST_03707,361,1,4224.16,1,1,3,5,At Risk
CUST_03708,125,1,2326.67,2,1,2,5,At Risk
CUST_03709,185,2,1897.56,2,2,2,6,Potential Loyalists
CUST_03710,119,4,2050.3,2,3,2,7,Potential Loyalists
CUST_03711,410,1,1121.28,1,1,2,4,At Risk
CUST_03712,197,5,5871.12,1,4,4,9,Loyal Customers
CUST_03713,153,3,3429.56,2,3,3,8,Loyal Customers
CUST_03714,60,2,1596.9099999999999,3,2,2,7,Potential Loyalists
CUST_03715,17,3,3332.41,4,3,3,10,Champions
CUST_03716,121,3,1245.58,2,3,2,7,Potential Loyalists
CUST_03717,202,1,1099.6,1,1,2,4,At Risk
CUST_03718,67,7,5892.37,3,4,4,11,Champions
CUST_03719,27,5,2492.58,4,4,2,10,Champions
CUST_03720,117,1,31.96,2,1,1,4,At Risk
CUST_03721,362,2,1949.45,1,2,2,5,At Risk
CUST_03722,4,1,389.94,4,1,1,6,Potential Loyalists
CUST_03723,64,3,4308.76,3,3,3,9,Loyal Customers
CUST_03724,19,3,6637.56,4,3,4,11,Champions
CUST_03725,15,3,3171.06,4,3,3,10,Champions
CUST_03726,7,7,5197.18,4,4,3,11,Champions
CUST_03727,77,3,1633.35,3,3,2,8,Loyal Customers
CUST_03728,29,8,5895.18,4,4,4,12,Champions
CUST_03729,63,2,12392.279999999999,3,2,4,9,Loyal Customers
CUST_03730,69,6,3355.2299999999996,3,4,3,10,Champions
CUST_03731,96,2,4399.82,2,2,3,7,Potential Loyalists
CUST_03732,261,2,1122.19,1,2,2,5,At Risk
CUST_03733,271,2,494.87,1,2,1,4,At Risk
CUST_03734,363,1,969.35,1,1,2,4,At Risk
CUST_03735,108,2,18202.43,2,2,4,8,Loyal Customers
CUST_03736,134,4,4043.37,2,3,3,8,Loyal Customers
CUST_03737,42,8,14441.019999999999,3,4,4,11,Champions
CUST_03738,71,1,1049.75,3,1,2,6,Potential Loyalists
CUST_03739,60,5,5880.26,3,4,4,11,Champions
CUST_03740,54,3,8285.48,3,3,4,10,Champions
CUST_03741,130,2,1158.78,2,2,2,6,Potential Loyalists
CUST_03742,8,5,3771.21,4,4,3,11,Champions
CUST_03743,396,1,112.35,1,1,1,3,Needs Attention
CUST_03744,109,3,930.51,2,3,2,7,Potential Loyalists
CUST_03745,126,2,375.65,2,2,1,5,At Risk
CUST_03746,235,3,4860.3,1,3,3,7,Potential Loyalists
CUST_03747,43,4,1101.62,3,3,2,8,Loyal Customers
CUST_03748,194,2,1041.8899999999999,1,2,2,5,At Risk
CUST_03749,24,1,73.2,4,1,1,6,Potential Loyalists
CUST_03750,25,9,11453.210000000001,4,4,4,12,Champions
CUST_03751,389,1,474.37,1,1,1,3,Needs Attention
CUST_03752,74,1,1154.9,3,1,2,6,Potential Loyalists
CUST_03753,38,3,5755.57,4,3,3,10,Champions
CUST_03754,58,1,82.46,3,1,1,5,At Risk
CUST_03755,20,6,8141.92,4,4,4,12,Champions
CUST_03756,235,2,2899.75,1,2,3,6,Potential Loyalists
CUST_03757,23,5,1613.94,4,4,2,10,Champions
CUST_03758,98,7,10921.41,2,4,4,10,Champions
CUST_03759,62,4,4538.94,3,3,3,9,Loyal Customers
CUST_03760,4,4,5543.43,4,3,3,10,Champions
CUST_03761,11,7,5956.93,4,4,4,12,Champions
CUST_03762,12,3,2400.92,4,3,2,9,Loyal Customers
CUST_03763,137,1,10095.45,2,1,4,7,Potential Loyalists
CUST_03764,182,1,44.22,2,1,1,4,At Risk
CUST_03765,179,2,283.68,2,2,1,5,At Risk
CUST_03766,44,6,7362.24,3,4,4,11,Champions
CUST_03767,123,1,844.2,2,1,1,4,At Risk
CUST_03768,35,6,3785.09,4,4,3,11,Champions
CUST_03769,21,2,2557.33,4,2,3,9,Loyal Customers
CUST_03770,114,2,507.38,2,2,1,5,At Risk
CUST_03771,20,5,10839.68,4,4,4,12,Champions
CUST_03772,331,2,2390.22,1,2,2,5,At Risk
CUST_03773,11,8,11588.03,4,4,4,12,Champions
CUST_03774,96,7,3862.4500000000003,2,4,3,9,Loyal Customers
CUST_03775,185,2,4521.33,1,2,3,6,Potential Loyalists
CUST_03776,3,3,539.3199999999999,4,3,1,8,Loyal Customers
CUST_03777,111,2,2555.26,2,2,3,7,Potential Loyalists
CUST_03778,123,2,5556.17,2,2,3,7,Potential Loyalists
CUST_03779,254,2,240.62,1,2,1,4,At Risk
CUST_03780,5,2,1371.78,4,2,2,8,Loyal Customers
CUST_03781,87,3,2300.28,3,3,2,8,Loyal Customers
CUST_03782,9,3,2306.16,4,3,2,9,Loyal Customers
CUST_03783,66,5,6075.54,3,4,4,11,Champions
CUST_03784,130,1,28.87,2,1,1,4,At Risk
CUST_03785,42,10,14282.49,3,4,4,11,Champions
CUST_03786,126,2,4428.29,2,2,3,7,Potential Loyalists
CUST_03787,368,3,1346.5900000000001,1,3,2,6,Potential Loyalists
CUST_03788,317,3,960.7,1,3,2,6,Potential Loyalists
CUST_03789,57,2,4402.95,3,2,3,8,Loyal Customers
CUST_03790,25,1,497.96,4,1,1,6,Potential Loyalists
CUST_03791,426,1,86.94,1,1,1,3,Needs Attention
CUST_03792,222,3,2937.2400000000002,1,3,3,7,Potential Loyalists
CUST_03793,122,1,547.65,2,1,1,4,At Risk
CUST_03794,421,1,619.61,1,1,1,3,Needs Attention
CUST_03795,48,3,42480.020000000004,3,3,4,10,Champions
CUST_03796,21,8,3151.0,4,4,3,11,Champions
CUST_03797,33,4,3004.2000000000003,4,3,3,10,Champions
CUST_03798,23,10,7382.13,4,4,4,12,Champions
CUST_03799,292,2,756.4200000000001,1,2,1,4,At Risk
CUST_03800,20,3,3719.83,4,3,3,10,Champions
CUST_03801,388,2,513.5799999999999,1,2,1,4,At Risk
CUST_03802,290,1,393.48,1,1,1,3,Needs Attention
CUST_03803,60,7,3589.02,3,4,3,10,Champions
CUST_03804,45,2,788.6,3,2,1,6,Potential Loyalists
CUST_03805,56,5,3118.3799999999997,3,4,3,10,Champions
CUST_03806,44,4,5364.28,3,3,3,9,Loyal Customers
CUST_03807,177,4,12627.28,2,3,4,9,Loyal Customers
CUST_03808,163,2,1839.1999999999998,2,2,2,6,Potential Loyalists
CUST_03809,18,3,17086.18,4,3,4,11,Champions
CUST_03810,308,4,5747.08,1,3,3,7,Potential Loyalists
CUST_03811,58,4,10386.58,3,3,4,10,Champions
CUST_03812,19,6,7025.41,4,4,4,12,Champions
CUST_03813,55,6,1608.73,3,4,2,9,Loyal Customers
CUST_03814,358,1,230.62,1,1,1,3,Needs Attention
CUST_03815,2,10,21335.440000000002,4,4,4,12,Champions
CUST_03816,58,1,563.26,3,1,1,5,At Risk
CUST_03817,311,2,5214.469999999999,1,2,3,6,Potential Loyalists
CUST_03818,124,1,434.74,2,1,1,4,At Risk
CUST_03819,12,4,1289.96,4,3,2,9,Loyal Customers
CUST_03820,310,3,1561.3799999999999,1,3,2,6,Potential Loyalists
CUST_03821,84,2,190.54999999999998,3,2,1,6,Potential Loyalists
CUST_03822,51,5,8137.25,3,4,4,11,Champions
CUST_03823,20,3,1394.31,4,3,2,9,Loyal Customers
CUST_03824,12,4,10223.92,4,3,4,11,Champions
CUST_03825,59,7,4277.1900000000005,3,4,3,10,Champions
CUST_03826,182,4,6337.28,2,3,4,9,Loyal Customers
CUST_03827,88,3,488.38,3,3,1,7,Potential Loyalists
CUST_03828,56,1,2610.15,3,1,3,7,Potential Loyalists
CUST_03829,431,1,11453.2,1,1,4,6,Potential Loyalists
CUST_03830,153,2,1155.4499999999998,2,2,2,6,Potential Loyalists
CUST_03831,373,2,2904.37,1,2,3,6,Potential Loyalists
CUST_03832,4,10,11888.11,4,4,4,12,Champions
CUST_03833,53,10,7493.01,3,4,4,11,Champions
CUST_03834,109,1,556.83,2,1,1,4,At Risk
CUST_03835,119,6,6548.93,2,4,4,10,Champions
CUST_03836,5,2,1325.99,4,2,2,8,Loyal Customers
CUST_03837,177,2,276.33,2,2,1,5,At Risk
CUST_03838,422,2,1599.72,1,2,2,5,At Risk
CUST_03839,23,7,5678.38,4,4,3,11,Champions
CUST_03840,130,4,4342.07,2,3,3,8,Loyal Customers
CUST_03841,1,5,3551.48,4,4,3,11,Champions
CUST_03842,190,1,200.06,1,1,1,3,Needs Attention
CUST_03843,23,5,2646.2599999999998,4,4,3,11,Champions
CUST_03844,62,7,3450.17,3,4,3,10,Champions
CUST_03845,24,3,255.3,4,3,1,8,Loyal Customers
CUST_03846,10,4,3683.42,4,3,3,10,Champions
CUST_03847,449,1,339.96,1,1,1,3,Needs Attention
CUST_03848,137,3,1755.4,2,3,2,7,Potential Loyalists
CUST_03849,68,3,14346.31,3,3,4,10,Champions
CUST_03850,318,1,1060.75,1,1,2,4,At Risk
CUST_03851,74,3,4176.38,3,3,3,9,Loyal Customers
CUST_03852,346,2,631.51,1,2,1,4,At Risk
CUST_03853,224,4,2119.59,1,3,2,6,Potential Loyalists
CUST_03854,227,1,1740.6,1,1,2,4,At Risk
CUST_03855,23,6,5221.79,4,4,3,11,Champions
CUST_03856,357,1,14532.72,1,1,4,6,Potential Loyalists
CUST_03857,196,3,1235.66,1,3,2,6,Potential Loyalists
CUST_03858,20,6,2235.87,4,4,2,10,Champions
CUST_03859,10,2,661.69,4,2,1,7,Potential Loyalists
CUST_03860,147,1,28.49,2,1,1,4,At Risk
CUST_03861,57,5,4140.01,3,4,3,10,Champions
CUST_03862,70,2,666.6800000000001,3,2,1,6,Potential Loyalists
CUST_03863,73,3,10588.44,3,3,4,10,Champions
CUST_03864,44,4,3455.34,3,3,3,9,Loyal Customers
CUST_03865,18,4,7491.44,4,3,4,11,Champions
CUST_03866,43,3,3416.2400000000002,3,3,3,9,Loyal Customers
CUST_03867,77,6,12555.600000000002,3,4,4,11,Champions
CUST_03868,20,3,3531.8,4,3,3,10,Champions
CUST_03869,12,2,386.72,4,2,1,7,Potential Loyalists
CUST_03870,172,1,276.5,2,1,1,4,At Risk
CUST_03871,146,7,10488.98,2,4,4,10,Champions
CUST_03872,185,2,1684.85,1,2,2,5,At Risk
CUST_03873,32,3,2030.44,4,3,2,9,Loyal Customers
CUST_03874,165,4,5569.45,2,3,3,8,Loyal Customers
CUST_03875,185,4,2192.93,1,3,2,6,Potential Loyalists
CUST_03876,14,5,3676.0499999999997,4,4,3,11,Champions
CUST_03877,424,1,63.41,1,1,1,3,Needs Attention
CUST_03878,249,2,356.91,1,2,1,4,At Risk
CUST_03879,11,1,262.02,4,1,1,6,Potential Loyalists
CUST_03880,245,2,3361.3500000000004,1,2,3,6,Potential Loyalists
CUST_03881,48,6,8704.27,3,4,4,11,Champions
CUST_03882,164,9,9636.88,2,4,4,10,Champions
CUST_03883,169,4,7046.400000000001,2,3,4,9,Loyal Customers
CUST_03884,6,6,1582.05,4,4,2,10,Champions
CUST_03885,240,2,4401.61,1,2,3,6,Potential Loyalists
CUST_03886,137,2,261.01,2,2,1,5,At Risk
CUST_03887,62,2,711.5899999999999,3,2,1,6,Potential Loyalists
CUST_03888,137,2,6044.89,2,2,4,8,Loyal Customers
CUST_03889,343,2,17508.63,1,2,4,7,Potential Loyalists
CUST_03890,43,5,2651.6600000000003,3,4,3,10,Champions
CUST_03891,88,2,683.5,3,2,1,6,Potential Loyalists
CUST_03892,9,4,3480.94,4,3,3,10,Champions
CUST_03893,149,1,1022.08,2,1,2,5,At Risk
CUST_03894,223,3,1781.68,1,3,2,6,Potential Loyalists
CUST_03895,218,2,460.22999999999996,1,2,1,4,At Risk
CUST_03896,323,1,177.28,1,1,1,3,Needs Attention
CUST_03897,389,1,26.04,1,1,1,3,Needs Attention
CUST_03898,54,4,4237.95,3,3,3,9,Loyal Customers
CUST_03899,85,1,181.64,3,1,1,5,At Risk
CUST_03900,6,2,3543.65,4,2,3,9,Loyal Customers
CUST_03901,383,1,1192.35,1,1,2,4,At Risk
CUST_03902,76,2,263.69,3,2,1,6,Potential Loyalists
CUST_03903,217,2,1168.14,1,2,2,5,At Risk
CUST_03904,60,7,4854.34,3,4,3,10,Champions
CUST_03905,219,2,927.13,1,2,2,5,At Risk
CUST_03906,14,6,34773.380000000005,4,4,4,12,Champions
CUST_03907,107,1,686.07,2,1,1,4,At Risk
CUST_03908,71,5,1150.4,3,4,2,9,Loyal Customers
CUST_03909,60,2,110.77,3,2,1,6,Potential Loyalists
CUST_03910,44,5,4300.07,3,4,3,10,Champions
CUST_03911,77,4,4259.85,3,3,3,9,Loyal Customers
CUST_03912,68,1,480.93,3,1,1,5,At Risk
CUST_03913,88,4,7957.1,3,3,4,10,Champions
CUST_03914,376,2,362.56,1,2,1,4,At Risk
CUST_03915,14,5,2496.43,4,4,3,11,Champions
CUST_03916,119,5,1813.63,2,4,2,8,Loyal Customers
CUST_03917,195,4,1502.76,1,3,2,6,Potential Loyalists
CUST_03918,40,4,6322.41,3,3,4,10,Champions
CUST_03919,122,2,1143.6,2,2,2,6,Potential Loyalists
CUST_03920,84,2,1394.74,3,2,2,7,Potential Loyalists
CUST_03921,90,5,3298.2999999999997,3,4,3,10,Champions
CUST_03922,99,1,411.1,2,1,1,4,At Risk
CUST_03923,25,10,38610.82,4,4,4,12,Champions
CUST_03924,79,5,7055.68,3,4,4,11,Champions
CUST_03925,25,2,1561.86,4,2,2,8,Loyal Customers
CUST_03926,164,2,8239.92,2,2,4,8,Loyal Customers
CUST_03927,28,3,5144.5,4,3,3,10,Champions
CUST_03928,62,6,4100.45,3,4,3,10,Champions
CUST_03929,174,3,8505.43,2,3,4,9,Loyal Customers
CUST_03930,341,1,54.26,1,1,1,3,Needs Attention
CUST_03931,127,3,5294.42,2,3,3,8,Loyal Customers
CUST_03932,322,1,16.98,1,1,1,3,Needs Attention
CUST_03933,24,7,20956.870000000003,4,4,4,12,Champions
CUST_03934,123,1,629.22,2,1,1,4,At Risk
CUST_03935,36,5,3321.59,4,4,3,11,Champions
CUST_03936,224,2,896.6,1,2,2,5,At Risk
CUST_03937,279,1,1490.19,1,1,2,4,At Risk
CUST_03938,3,1,3436.95,4,1,3,8,Loyal Customers
CUST_03939,19,6,1837.3500000000001,4,4,2,10,Champions
CUST_03940,142,3,471.65,2,3,1,6,Potential Loyalists
CUST_03941,118,1,444.39,2,1,1,4,At Risk
CUST_03942,51,3,2690.55,3,3,3,9,Loyal Customers
CUST_03943,46,7,15024.33,3,4,4,11,Champions
CUST_03944,267,1,858.02,1,1,1,3,Needs Attention
CUST_03945,86,2,2051.23,3,2,2,7,Potential Loyalists
CUST_03946,37,2,638.1,4,2,1,7,Potential Loyalists
CUST_03947,12,5,13112.24,4,4,4,12,Champions
CUST_03948,90,2,220.83999999999997,3,2,1,6,Potential Loyalists
CUST_03949,48,9,11759.1,3,4,4,11,Champions
CUST_03950,64,8,14596.29,3,4,4,11,Champions
CUST_03951,48,2,1475.69,3,2,2,7,Potential Loyalists
CUST_03952,316,2,2823.56,1,2,3,6,Potential Loyalists
CUST_03953,73,5,2671.5099999999998,3,4,3,10,Champions
CUST_03954,10,2,810.0,4,2,1,7,Potential Loyalists
CUST_03955,27,4,1038.87,4,3,2,9,Loyal Customers
CUST_03956,83,1,86.94,3,1,1,5,At Risk
CUST_03957,140,5,5309.59,2,4,3,9,Loyal Customers
CUST_03958,229,4,30300.57,1,3,4,8,Loyal Customers
CUST_03959,12,1,1925.52,4,1,2,7,Potential Loyalists
CUST_03960,21,5,1840.78,4,4,2,10,Champions
CUST_03961,55,4,20508.8,3,3,4,10,Champions
CUST_03962,109,2,6463.97,2,2,4,8,Loyal Customers
CUST_03963,82,6,2948.45,3,4,3,10,Champions
CUST_03964,166,2,453.24,2,2,1,5,At Risk
CUST_03965,140,4,1578.06,2,3,2,7,Potential Loyalists
CUST_03966,342,2,1305.17,1,2,2,5,At Risk
CUST_03967,5,2,12033.3,4,2,4,10,Champions
CUST_03968,32,10,5806.76,4,4,4,12,Champions
CUST_03969,23,4,5850.85,4,3,4,11,Champions
CUST_03970,195,4,4018.77,1,3,3,7,Potential Loyalists
CUST_03971,76,8,19936.29,3,4,4,11,Champions
CUST_03972,60,2,3678.15,3,2,3,8,Loyal Customers
CUST_03973,227,3,1237.73,1,3,2,6,Potential Loyalists
CUST_03974,11,3,3274.91,4,3,3,10,Champions
CUST_03975,252,1,188.8,1,1,1,3,Needs Attention
CUST_03976,376,2,1428.78,1,2,2,5,At Risk
CUST_03977,91,5,3459.35,3,4,3,10,Champions
CUST_03978,179,2,725.75,2,2,1,5,At Risk
CUST_03979,158,3,6252.879999999999,2,3,4,9,Loyal Customers
CUST_03980,92,7,6077.04,3,4,4,11,Champions
CUST_03981,72,4,4091.27,3,3,3,9,Loyal Customers
CUST_03982,6,5,1211.01,4,4,2,10,Champions
CUST_03983,51,5,14373.13,3,4,4,11,Champions
CUST_03984,20,3,20991.989999999998,4,3,4,11,Champions
CUST_03985,37,7,13566.25,4,4,4,12,Champions
CUST_03986,110,2,4617.31,2,2,3,7,Potential Loyalists
CUST_03987,411,2,6625.3,1,2,4,7,Potential Loyalists
CUST_03988,268,1,1387.13,1,1,2,4,At Risk
CUST_03989,140,3,2185.0,2,3,2,7,Potential Loyalists
CUST_03990,22,4,3553.9500000000003,4,3,3,10,Champions
CUST_03991,55,6,4438.93,3,4,3,10,Champions
CUST_03992,71,3,26811.38,3,3,4,10,Champions
CUST_03993,88,2,752.4,3,2,1,6,Potential Loyalists
CUST_03994,125,2,3064.6600000000003,2,2,3,7,Potential Loyalists
CUST_03995,213,3,1794.95,1,3,2,6,Potential Loyalists
CUST_03996,158,2,2186.91,2,2,2,6,Potential Loyalists
CUST_03997,210,2,2085.03,1,2,2,5,At Risk
CUST_03998,260,1,229.75,1,1,1,3,Needs Attention
CUST_03999,7,2,247.1,4,2,1,7,Potential Loyalists
CUST_04000,114,4,3229.39,2,3,3,8,Loyal Customers
CUST_04001,31,6,13422.28,4,4,4,12,Champions
CUST_04002,358,2,1042.14,1,2,2,5,At Risk
CUST_04003,7,5,3042.2200000000003,4,4,3,11,Champions
CUST_04004,80,6,12819.39,3,4,4,11,Champions
CUST_04005,119,2,3350.61,2,2,3,7,Potential Loyalists
CUST_04006,18,2,673.12,4,2,1,7,Potential Loyalists
CUST_04007,201,3,509.71000000000004,1,3,1,5,At Risk
CUST_04008,18,4,5781.68,4,3,3,10,Champions
CUST_04009,60,3,1571.28,3,3,2,8,Loyal Customers
CUST_04010,113,3,8016.76,2,3,4,9,Loyal Customers
CUST_04011,8,9,23138.92,4,4,4,12,Champions
CUST_04012,367,1,1763.67,1,1,2,4,At Risk
CUST_04013,88,1,1424.01,3,1,2,6,Potential Loyalists
CUST_04014,63,3,15985.390000000001,3,3,4,10,Champions
CUST_04015,117,3,1275.8899999999999,2,3,2,7,Potential Loyalists
CUST_04016,90,3,2174.96,3,3,2,8,Loyal Customers
CUST_04017,32,3,1272.65,4,3,2,9,Loyal Customers
CUST_04018,91,6,28383.62,3,4,4,11,Champions
CUST_04019,167,3,4326.26,2,3,3,8,Loyal Customers
CUST_04020,18,6,8071.02,4,4,4,12,Champions
CUST_04021,153,5,6341.1,2,4,4,10,Champions
CUST_04022,66,4,2217.73,3,3,2,8,Loyal Customers
CUST_04023,188,2,394.79,1,2,1,4,At Risk
CUST_04024,18,5,2224.5299999999997,4,4,2,10,Champions
CUST_04025,174,3,1009.29,2,3,2,7,Potential Loyalists
CUST_04026,71,2,690.35,3,2,1,6,Potential Loyalists
CUST_04027,19,3,3332.9900000000002,4,3,3,10,Champions
CUST_04028,78,2,238.31,3,2,1,6,Potential Loyalists
CUST_04029,98,5,1803.44,2,4,2,8,Loyal Customers
CUST_04030,66,1,982.21,3,1,2,6,Potential Loyalists
CUST_04031,324,2,805.88,1,2,1,4,At Risk
CUST_04032,436,1,198.13,1,1,1,3,Needs Attention
CUST_04033,102,8,4759.37,2,4,3,9,Loyal Customers
CUST_04034,247,2,1356.21,1,2,2,5,At Risk
CUST_04035,32,7,8004.79,4,4,4,12,Champions
CUST_04036,415,2,228.77999999999997,1,2,1,4,At Risk
CUST_04037,216,4,7742.650000000001,1,3,4,8,Loyal Customers
CUST_04038,444,1,133.44,1,1,1,3,Needs Attention
CUST_04039,101,3,2800.88,2,3,3,8,Loyal Customers
CUST_04040,29,4,1036.0700000000002,4,3,2,9,Loyal Customers
CUST_04041,44,3,1516.25,3,3,2,8,Loyal Customers
CUST_04042,67,4,4653.95,3,3,3,9,Loyal Customers
CUST_04043,247,1,910.76,1,1,2,4,At Risk
CUST_04044,40,4,983.2900000000001,3,3,2,8,Loyal Customers
CUST_04045,22,6,2709.62,4,4,3,11,Champions
CUST_04046,197,5,5807.839999999999,1,4,4,9,Loyal Customers
CUST_04047,69,4,8121.07,3,3,4,10,Champions
CUST_04048,160,2,4770.27,2,2,3,7,Potential Loyalists
CUST_04049,152,4,8262.32,2,3,4,9,Loyal Customers
CUST_04050,375,1,139.9,1,1,1,3,Needs Attention
CUST_04051,325,1,2059.11,1,1,2,4,At Risk
CUST_04052,113,1,683.7,2,1,1,4,At Risk
CUST_04053,32,1,637.17,4,1,1,6,Potential Loyalists
CUST_04054,19,6,5510.15,4,4,3,11,Champions
CUST_04055,162,2,168.67000000000002,2,2,1,5,At Risk
CUST_04056,54,5,8171.07,3,4,4,11,Champions
CUST_04057,50,2,2312.5499999999997,3,2,2,7,Potential Loyalists
CUST_04058,27,3,1491.7500000000002,4,3,2,9,Loyal Customers
CUST_04059,409,1,2028.03,1,1,2,4,At Risk
CUST_04060,71,5,4940.08,3,4,3,10,Champions
CUST_04061,103,3,1996.5299999999997,2,3,2,7,Potential Loyalists
CUST_04062,74,6,1113.8799999999999,3,4,2,9,Loyal Customers
CUST_04063,148,2,163.45,2,2,1,5,At Risk
CUST_04064,120,6,3736.7000000000003,2,4,3,9,Loyal Customers
CUST_04065,241,2,3395.13,1,2,3,6,Potential Loyalists
CUST_04066,49,1,1334.47,3,1,2,6,Potential Loyalists
CUST_04067,102,4,3825.0,2,3,3,8,Loyal Customers
CUST_04068,95,1,1584.9,2,1,2,5,At Risk
CUST_04069,55,2,2430.65,3,2,2,7,Potential Loyalists
CUST_04070,93,4,1527.27,3,3,2,8,Loyal Customers
CUST_04071,57,8,20538.33,3,4,4,11,Champions
CUST_04072,206,1,1539.25,1,1,2,4,At Risk
CUST_04073,154,3,6070.8099999999995,2,3,4,9,Loyal Customers
CUST_04074,248,3,7300.219999999999,1,3,4,8,Loyal Customers
CUST_04075,200,5,15105.94,1,4,4,9,Loyal Customers
CUST_04076,35,1,148.13,4,1,1,6,Potential Loyalists
CUST_04077,32,3,2998.2000000000003,4,3,3,10,Champions
CUST_04078,32,5,9799.13,4,4,4,12,Champions
CUST_04079,220,1,318.18,1,1,1,3,Needs Attention
CUST_04080,6,3,1635.81,4,3,2,9,Loyal Customers
CUST_04081,78,3,1091.76,3,3,2,8,Loyal Customers
CUST_04082,147,2,2277.92,2,2,2,6,Potential Loyalists
CUST_04083,51,10,10975.529999999999,3,4,4,11,Champions
CUST_04084,86,6,5710.92,3,4,3,10,Champions
CUST_04085,9,3,5118.64,4,3,3,10,Champions
CUST_04086,69,3,2575.46,3,3,3,9,Loyal Customers
CUST_04087,96,4,1789.79,2,3,2,7,Potential Loyalists
CUST_04088,72,4,2964.08,3,3,3,9,Loyal Customers
CUST_04089,65,2,3290.93,3,2,3,8,Loyal Customers
CUST_04090,324,2,3306.9,1,2,3,6,Potential Loyalists
CUST_04091,9,8,13713.31,4,4,4,12,Champions
CUST_04092,15,9,13121.23,4,4,4,12,Champions
CUST_04093,65,2,4999.84,3,2,3,8,Loyal Customers
CUST_04094,74,10,5378.02,3,4,3,10,Champions
CUST_04095,43,4,20750.14,3,3,4,10,Champions
CUST_04096,128,2,3373.0299999999997,2,2,3,7,Potential Loyalists
CUST_04097,32,6,10228.289999999999,4,4,4,12,Champions
CUST_04098,185,2,1804.58,1,2,2,5,At Risk
CUST_04099,190,2,6005.280000000001,1,2,4,7,Potential Loyalists
CUST_04100,160,2,317.35,2,2,1,5,At Risk
CUST_04101,327,2,4852.09,1,2,3,6,Potential Loyalists
CUST_04102,321,2,10796.61,1,2,4,7,Potential Loyalists
CUST_04103,61,1,76.44,3,1,1,5,At Risk
CUST_04104,45,2,595.25,3,2,1,6,Potential Loyalists
CUST_04105,25,3,1362.54,4,3,2,9,Loyal Customers
CUST_04106,151,4,9471.73,2,3,4,9,Loyal Customers
CUST_04107,152,3,1132.13,2,3,2,7,Potential Loyalists
CUST_04108,74,5,15652.09,3,4,4,11,Champions
CUST_04109,6,3,25473.559999999998,4,3,4,11,Champions
CUST_04110,218,2,3708.51,1,2,3,6,Potential Loyalists
CUST_04111,244,2,633.49,1,2,1,4,At Risk
CUST_04112,287,2,1166.02,1,2,2,5,At Risk
CUST_04113,29,2,825.26,4,2,1,7,Potential Loyalists
CUST_04114,52,4,4945.83,3,3,3,9,Loyal Customers
CUST_04115,343,2,763.4200000000001,1,2,1,4,At Risk
CUST_04116,71,8,7159.929999999999,3,4,4,11,Champions
CUST_04117,357,1,1340.98,1,1,2,4,At Risk
CUST_04118,12,2,6853.7,4,2,4,10,Champions
CUST_04119,199,2,3560.04,1,2,3,6,Potential Loyalists
CUST_04120,178,2,4702.389999999999,2,2,3,7,Potential Loyalists
CUST_04121,27,2,653.24,4,2,1,7,Potential Loyalists
CUST_04122,396,2,930.26,1,2,2,5,At Risk
CUST_04123,16,5,8697.89,4,4,4,12,Champions
CUST_04124,196,5,4142.89,1,4,3,8,Loyal Customers
CUST_04125,216,1,593.82,1,1,1,3,Needs Attention
CUST_04126,42,3,292.25,3,3,1,7,Potential Loyalists
CUST_04127,258,5,3084.68,1,4,3,8,Loyal Customers
CUST_04128,168,2,1715.33,2,2,2,6,Potential Loyalists
CUST_04129,8,6,4614.65,4,4,3,11,Champions
CUST_04130,31,5,2051.44,4,4,2,10,Champions
CUST_04131,88,6,2752.58,3,4,3,10,Champions
CUST_04132,180,4,4460.26,2,3,3,8,Loyal Customers
CUST_04133,113,5,4014.91,2,4,3,9,Loyal Customers
CUST_04134,81,2,445.67,3,2,1,6,Potential Loyalists
CUST_04135,8,8,11493.21,4,4,4,12,Champions
CUST_04136,123,3,671.85,2,3,1,6,Potential Loyalists
CUST_04137,258,1,894.76,1,1,2,4,At Risk
CUST_04138,211,2,643.1700000000001,1,2,1,4,At Risk
CUST_04139,152,3,8630.800000000001,2,3,4,9,Loyal Customers
CUST_04140,59,2,5493.2,3,2,3,8,Loyal Customers
CUST_04141,85,8,4800.66,3,4,3,10,Champions
CUST_04142,325,1,351.2,1,1,1,3,Needs Attention
CUST_04143,92,5,9443.52,3,4,4,11,Champions
CUST_04144,54,4,8567.560000000001,3,3,4,10,Champions
CUST_04145,128,5,2815.8,2,4,3,9,Loyal Customers
CUST_04146,139,1,84.75,2,1,1,4,At Risk
CUST_04147,192,3,7268.53,1,3,4,8,Loyal Customers
CUST_04148,63,7,5365.5,3,4,3,10,Champions
CUST_04149,177,3,1055.1399999999999,2,3,2,7,Potential Loyalists
CUST_04150,52,5,4230.07,3,4,3,10,Champions
CUST_04151,38,3,1858.54,4,3,2,9,Loyal Customers
CUST_04152,11,5,2776.43,4,4,3,11,Champions
CUST_04153,100,2,723.4000000000001,2,2,1,5,At Risk
CUST_04154,157,4,20438.07,2,3,4,9,Loyal Customers
CUST_04155,130,5,3261.53,2,4,3,9,Loyal Customers
CUST_04156,85,4,6134.259999999999,3,3,4,10,Champions
CUST_04157,117,3,7458.45,2,3,4,9,Loyal Customers
CUST_04158,243,3,5546.07,1,3,3,7,Potential Loyalists
CUST_04159,53,6,5428.58,3,4,3,10,Champions
CUST_04160,37,6,7546.7,4,4,4,12,Champions
CUST_04161,267,3,6369.969999999999,1,3,4,8,Loyal Customers
CUST_04162,137,2,3393.31,2,2,3,7,Potential Loyalists
CUST_04163,27,1,437.35,4,1,1,6,Potential Loyalists
CUST_04164,1,2,966.31,4,2,2,8,Loyal Customers
CUST_04165,209,2,525.73,1,2,1,4,At Risk
CUST_04166,60,2,740.76,3,2,1,6,Potential Loyalists
CUST_04167,32,5,3666.07,4,4,3,11,Champions
CUST_04168,438,1,213.98,1,1,1,3,Needs Attention
CUST_04169,56,5,2385.54,3,4,2,9,Loyal Customers
CUST_04170,127,5,799.36,2,4,1,7,Potential Loyalists
CUST_04171,1,6,13249.19,4,4,4,12,Champions
CUST_04172,20,3,24033.46,4,3,4,11,Champions
CUST_04173,66,4,1727.39,3,3,2,8,Loyal Customers
CUST_04174,106,5,8482.630000000001,2,4,4,10,Champions
CUST_04175,230,1,1579.76,1,1,2,4,At Risk
CUST_04176,24,4,5465.0199999999995,4,3,3,10,Champions
CUST_04177,87,5,1315.1100000000001,3,4,2,9,Loyal Customers
CUST_04178,74,4,4897.88,3,3,3,9,Loyal Customers
CUST_04179,57,10,18262.79,3,4,4,11,Champions
CUST_04180,80,3,5374.32,3,3,3,9,Loyal Customers
CUST_04181,270,1,407.53,1,1,1,3,Needs Attention
CUST_04182,189,1,125.89,1,1,1,3,Needs Attention
CUST_04183,2,2,2891.79,4,2,3,9,Loyal Customers
CUST_04184,7,6,7370.65,4,4,4,12,Champions
CUST_04185,52,6,7391.16,3,4,4,11,Champions
CUST_04186,177,4,1855.13,2,3,2,7,Potential Loyalists
CUST_04187,82,1,1874.14,3,1,2,6,Potential Loyalists
CUST_04188,34,2,1127.6299999999999,4,2,2,8,Loyal Customers
CUST_04189,303,2,1644.82,1,2,2,5,At Risk
CUST_04190,348,1,1093.05,1,1,2,4,At Risk
CUST_04191,156,2,716.0799999999999,2,2,1,5,At Risk
CUST_04192,10,4,10470.18,4,3,4,11,Champions
CUST_04193,12,6,7086.91,4,4,4,12,Champions
CUST_04194,110,1,3968.2,2,1,3,6,Potential Loyalists
CUST_04195,15,2,961.35,4,2,2,8,Loyal Customers
CUST_04196,173,1,81.95,2,1,1,4,At Risk
CUST_04197,146,1,335.73,2,1,1,4,At Risk
CUST_04198,3,4,1767.59,4,3,2,9,Loyal Customers
CUST_04199,134,6,15388.869999999999,2,4,4,10,Champions
CUST_04200,73,7,4954.610000000001,3,4,3,10,Champions
CUST_04201,178,2,217.18,2,2,1,5,At Risk
CUST_04202,312,1,1727.84,1,1,2,4,At Risk
CUST_04203,364,2,229.23000000000002,1,2,1,4,At Risk
CUST_04204,143,2,3343.78,2,2,3,7,Potential Loyalists
CUST_04205,1,5,10104.4,4,4,4,12,Champions
CUST_04206,130,2,1561.72,2,2,2,6,Potential Loyalists
CUST_04207,214,3,745.36,1,3,1,5,At Risk
CUST_04208,83,4,4658.54,3,3,3,9,Loyal Customers
CUST_04209,63,4,3606.1,3,3,3,9,Loyal Customers
CUST_04210,96,2,2402.1099999999997,2,2,2,6,Potential Loyalists
CUST_04211,50,5,2482.27,3,4,2,9,Loyal Customers
CUST_04212,179,2,2071.77,2,2,2,6,Potential Loyalists
CUST_04213,14,7,4390.85,4,4,3,11,Champions
CUST_04214,132,6,13007.43,2,4,4,10,Champions
CUST_04215,27,3,1637.35,4,3,2,9,Loyal Customers
CUST_04216,132,1,209.97,2,1,1,4,At Risk
CUST_04217,133,3,5177.71,2,3,3,8,Loyal Customers
CUST_04218,164,3,1232.51,2,3,2,7,Potential Loyalists
CUST_04219,46,8,40608.39,3,4,4,11,Champions
CUST_04220,31,2,3758.33,4,2,3,9,Loyal Customers
CUST_04221,28,6,6360.46,4,4,4,12,Champions
CUST_04222,86,4,1703.8700000000001,3,3,2,8,Loyal Customers
CUST_04223,21,6,3450.2,4,4,3,11,Champions
CUST_04224,13,10,6773.679999999999,4,4,4,12,Champions
CUST_04225,68,8,15157.51,3,4,4,11,Champions
CUST_04226,331,2,4693.63,1,2,3,6,Potential Loyalists
CUST_04227,84,6,15359.789999999999,3,4,4,11,Champions
CUST_04228,377,1,303.05,1,1,1,3,Needs Attention
CUST_04229,34,7,21412.44,4,4,4,12,Champions
CUST_04230,127,3,5791.179999999999,2,3,3,8,Loyal Customers
CUST_04231,228,3,6720.880000000001,1,3,4,8,Loyal Customers
CUST_04232,87,4,7632.11,3,3,4,10,Champions
CUST_04233,19,8,7263.37,4,4,4,12,Champions
CUST_04234,166,1,318.3,2,1,1,4,At Risk
CUST_04235,26,5,6633.58,4,4,4,12,Champions
CUST_04236,9,3,3613.0499999999997,4,3,3,10,Champions
CUST_04237,41,4,5741.3,3,3,3,9,Loyal Customers
CUST_04238,97,4,2077.5,2,3,2,7,Potential Loyalists
CUST_04239,344,2,4702.58,1,2,3,6,Potential Loyalists
CUST_04240,71,7,5192.81,3,4,3,10,Champions
CUST_04241,61,2,2954.83,3,2,3,8,Loyal Customers
CUST_04242,361,2,760.47,1,2,1,4,At Risk
CUST_04243,98,3,24563.62,2,3,4,9,Loyal Customers
CUST_04244,271,2,617.6899999999999,1,2,1,4,At Risk
CUST_04245,29,6,6624.26,4,4,4,12,Champions
CUST_04246,4,9,36295.299999999996,4,4,4,12,Champions
CUST_04247,111,5,2557.2400000000002,2,4,3,9,Loyal Customers
CUST_04248,146,2,1117.12,2,2,2,6,Potential Loyalists
CUST_04249,170,2,3198.7200000000003,2,2,3,7,Potential Loyalists
CUST_04250,2,4,3501.28,4,3,3,10,Champions
CUST_04251,339,3,1694.66,1,3,2,6,Potential Loyalists
CUST_04252,180,2,960.26,2,2,2,6,Potential Loyalists
CUST_04253,76,4,2696.41,3,3,3,9,Loyal Customers
CUST_04254,154,7,4020.41,2,4,3,9,Loyal Customers
CUST_04255,57,10,16546.68,3,4,4,11,Champions
CUST_04256,440,1,1528.63,1,1,2,4,At Risk
CUST_04257,115,2,813.9300000000001,2,2,1,5,At Risk
CUST_04258,32,4,2835.25,4,3,3,10,Champions
CUST_04259,165,1,5905.25,2,1,4,7,Potential Loyalists
CUST_04260,122,2,183.34,2,2,1,5,At Risk
CUST_04261,9,3,1559.0700000000002,4,3,2,9,Loyal Customers
CUST_04262,100,1,156.03,2,1,1,4,At Risk
CUST_04263,333,2,911.37,1,2,2,5,At Risk
CUST_04264,216,3,2031.54,1,3,2,6,Potential Loyalists
CUST_04265,87,2,2265.3199999999997,3,2,2,7,Potential Loyalists
CUST_04266,54,2,1967.51,3,2,2,7,Potential Loyalists
CUST_04267,10,5,3824.6499999999996,4,4,3,11,Champions
CUST_04268,69,8,11688.49,3,4,4,11,Champions
CUST_04269,2,6,12145.26,4,4,4,12,Champions
CUST_04270,38,3,3622.25,4,3,3,10,Champions
CUST_04271,53,3,3356.16,3,3,3,9,Loyal Customers
CUST_04272,410,1,2186.41,1,1,2,4,At Risk
CUST_04273,432,1,54.12,1,1,1,3,Needs Attention
CUST_04274,10,2,349.47,4,2,1,7,Potential Loyalists
CUST_04275,203,8,17741.39,1,4,4,9,Loyal Customers
CUST_04276,184,2,479.08,2,2,1,5,At Risk
CUST_04277,85,7,1836.8500000000001,3,4,2,9,Loyal Customers
CUST_04278,179,2,4536.63,2,2,3,7,Potential Loyalists
CUST_04279,7,4,1796.6399999999999,4,3,2,9,Loyal Customers
CUST_04280,128,2,299.31,2,2,1,5,At Risk
CUST_04281,44,9,6366.19,3,4,4,11,Champions
CUST_04282,224,4,2021.6,1,3,2,6,Potential Loyalists
CUST_04283,102,1,1517.86,2,1,2,5,At Risk
CUST_04284,182,4,5006.42,2,3,3,8,Loyal Customers
CUST_04285,48,1,899.86,3,1,2,6,Potential Loyalists
CUST_04286,1,6,3798.2200000000003,4,4,3,11,Champions
CUST_04287,140,2,2646.82,2,2,3,7,Potential Loyalists
CUST_04288,72,5,9783.02,3,4,4,11,Champions
CUST_04289,6,3,4222.700000000001,4,3,3,10,Champions
CUST_04290,84,6,13604.39,3,4,4,11,Champions
CUST_04291,109,2,3818.02,2,2,3,7,Potential Loyalists
CUST_04292,25,8,9413.08,4,4,4,12,Champions
CUST_04293,102,1,1327.45,2,1,2,5,At Risk
CUST_04294,105,4,10786.88,2,3,4,9,Loyal Customers
CUST_04295,35,2,2004.1399999999999,4,2,2,8,Loyal Customers
CUST_04296,54,3,1752.48,3,3,2,8,Loyal Customers
CUST_04297,29,2,2797.27,4,2,3,9,Loyal Customers
CUST_04298,124,1,84.16,2,1,1,4,At Risk
CUST_04299,27,2,3664.3500000000004,4,2,3,9,Loyal Customers
CUST_04300,290,1,122.83,1,1,1,3,Needs Attention
CUST_04301,37,4,7280.4,4,3,4,11,Champions
CUST_04302,362,1,3082.52,1,1,3,5,At Risk
CUST_04303,119,3,2012.8899999999999,2,3,2,7,Potential Loyalists
CUST_04304,226,1,2743.44,1,1,3,5,At Risk
CUST_04305,93,5,12580.9,3,4,4,11,Champions
CUST_04306,27,5,9150.18,4,4,4,12,Champions
CUST_04307,1,8,23625.04,4,4,4,12,Champions
CUST_04308,213,3,2020.1200000000001,1,3,2,6,Potential Loyalists
CUST_04309,115,4,1135.94,2,3,2,7,Potential Loyalists
CUST_04310,344,2,1431.73,1,2,2,5,At Risk
CUST_04311,230,5,6249.63,1,4,4,9,Loyal Customers
CUST_04312,196,4,1449.8899999999999,1,3,2,6,Potential Loyalists
CUST_04313,208,2,3187.79,1,2,3,6,Potential Loyalists
CUST_04314,41,3,1264.85,3,3,2,8,Loyal Customers
CUST_04315,24,7,2751.15,4,4,3,11,Champions
CUST_04316,18,2,1480.28,4,2,2,8,Loyal Customers
CUST_04317,222,5,3712.67,1,4,3,8,Loyal Customers
CUST_04318,420,1,55.66,1,1,1,3,Needs Attention
CUST_04319,286,3,1644.1,1,3,2,6,Potential Loyalists
CUST_04320,397,1,544.42,1,1,1,3,Needs Attention
CUST_04321,38,3,1663.03,4,3,2,9,Loyal Customers
CUST_04322,310,1,342.96,1,1,1,3,Needs Attention
CUST_04323,121,1,338.35,2,1,1,4,At Risk
CUST_04324,177,3,7631.95,2,3,4,9,Loyal Customers
CUST_04325,153,2,590.27,2,2,1,5,At Risk
CUST_04326,13,5,5469.29,4,4,3,11,Champions
CUST_04327,18,3,16027.039999999999,4,3,4,11,Champions
CUST_04328,145,1,1324.78,2,1,2,5,At Risk
CUST_04329,131,1,176.77,2,1,1,4,At Risk
CUST_04330,33,2,424.78,4,2,1,7,Potential Loyalists
CUST_04331,117,3,1052.58,2,3,2,7,Potential Loyalists
CUST_04332,14,3,7883.56,4,3,4,11,Champions
CUST_04333,423,1,251.77,1,1,1,3,Needs Attention
CUST_04334,231,3,2753.5099999999998,1,3,3,7,Potential Loyalists
CUST_04335,440,1,461.77,1,1,1,3,Needs Attention
CUST_04336,111,3,3213.57,2,3,3,8,Loyal Customers
CUST_04337,396,1,1541.2,1,1,2,4,At Risk
CUST_04338,320,2,807.0999999999999,1,2,1,4,At Risk
CUST_04339,69,5,5980.65,3,4,4,11,Champions
CUST_04340,308,2,2268.54,1,2,2,5,At Risk
CUST_04341,35,3,1572.52,4,3,2,9,Loyal Customers
CUST_04342,81,3,22740.09,3,3,4,10,Champions
CUST_04343,211,2,468.19,1,2,1,4,At Risk
CUST_04344,4,2,8209.64,4,2,4,10,Champions
CUST_04345,45,8,2401.6,3,4,2,9,Loyal Customers
CUST_04346,7,3,2086.24,4,3,2,9,Loyal Customers
CUST_04347,247,2,11015.89,1,2,4,7,Potential Loyalists
CUST_04348,22,2,2762.25,4,2,3,9,Loyal Customers
CUST_04349,7,4,1135.0700000000002,4,3,2,9,Loyal Customers
CUST_04350,8,3,1541.24,4,3,2,9,Loyal Customers
CUST_04351,25,5,5073.25,4,4,3,11,Champions
CUST_04352,30,3,996.6700000000001,4,3,2,9,Loyal Customers
CUST_04353,22,6,3721.75,4,4,3,11,Champions
CUST_04354,157,6,1414.06,2,4,2,8,Loyal Customers
CUST_04355,217,1,335.6,1,1,1,3,Needs Attention
CUST_04356,67,8,2149.34,3,4,2,9,Loyal Customers
CUST_04357,140,2,1529.18,2,2,2,6,Potential Loyalists
CUST_04358,45,2,185.48000000000002,3,2,1,6,Potential Loyalists
CUST_04359,223,1,3489.09,1,1,3,5,At Risk
CUST_04360,56,3,449.52000000000004,3,3,1,7,Potential Loyalists
CUST_04361,127,2,2778.11,2,2,3,7,Potential Loyalists
CUST_04362,77,2,3576.14,3,2,3,8,Loyal Customers
CUST_04363,258,1,160.4,1,1,1,3,Needs Attention
CUST_04364,338,3,1408.3600000000001,1,3,2,6,Potential Loyalists
CUST_04365,9,9,5361.06,4,4,3,11,Champions
CUST_04366,44,3,587.46,3,3,1,7,Potential Loyalists
CUST_04367,62,3,8627.83,3,3,4,10,Champions
CUST_04368,41,5,5496.48,3,4,3,10,Champions
CUST_04369,14,7,7052.94,4,4,4,12,Champions
CUST_04370,430,1,4611.52,1,1,3,5,At Risk
CUST_04371,49,2,2613.77,3,2,3,8,Loyal Customers
CUST_04372,249,2,526.94,1,2,1,4,At Risk
CUST_04373,108,2,8240.43,2,2,4,8,Loyal Customers
CUST_04374,142,3,9796.58,2,3,4,9,Loyal Customers
CUST_04375,88,3,2956.5,3,3,3,9,Loyal Customers
CUST_04376,25,7,12118.02,4,4,4,12,Champions
CUST_04377,77,4,18106.11,3,3,4,10,Champions
CUST_04378,38,10,9663.82,4,4,4,12,Champions
CUST_04379,33,5,15943.88,4,4,4,12,Champions
CUST_04380,26,5,2879.43,4,4,3,11,Champions
CUST_04381,336,2,286.46999999999997,1,2,1,4,At Risk
CUST_04382,327,1,177.08,1,1,1,3,Needs Attention
CUST_04383,77,5,12760.02,3,4,4,11,Champions
CUST_04384,220,4,3104.33,1,3,3,7,Potential Loyalists
CUST_04385,17,6,8213.789999999999,4,4,4,12,Champions
CUST_04386,20,4,10199.68,4,3,4,11,Champions
CUST_04387,32,9,20277.3,4,4,4,12,Champions
CUST_04388,79,2,3873.52,3,2,3,8,Loyal Customers
CUST_04389,3,8,3575.02,4,4,3,11,Champions
CUST_04390,189,2,9623.2,1,2,4,7,Potential Loyalists
CUST_04391,32,7,3550.4399999999996,4,4,3,11,Champions
CUST_04392,110,1,331.13,2,1,1,4,At Risk
CUST_04393,79,3,1733.51,3,3,2,8,Loyal Customers
CUST_04394,128,4,2364.2799999999997,2,3,2,7,Potential Loyalists
CUST_04395,129,5,4716.81,2,4,3,9,Loyal Customers
CUST_04396,36,10,13444.630000000001,4,4,4,12,Champions
CUST_04397,43,1,54.56,3,1,1,5,At Risk
CUST_04398,261,3,3935.8599999999997,1,3,3,7,Potential Loyalists
CUST_04399,69,5,3633.21,3,4,3,10,Champions
CUST_04400,133,5,5269.95,2,4,3,9,Loyal Customers
CUST_04401,100,3,3315.16,2,3,3,8,Loyal Customers
CUST_04402,131,1,246.12,2,1,1,4,At Risk
CUST_04403,9,3,1221.73,4,3,2,9,Loyal Customers
CUST_04404,15,4,5134.639999999999,4,3,3,10,Champions
CUST_04405,144,3,3208.5299999999997,2,3,3,8,Loyal Customers
CUST_04406,155,3,4491.83,2,3,3,8,Loyal Customers
CUST_04407,171,5,17760.71,2,4,4,10,Champions
CUST_04408,96,2,252.49,2,2,1,5,At Risk
CUST_04409,83,5,11411.01,3,4,4,11,Champions
CUST_04410,68,8,1039.79,3,4,2,9,Loyal Customers
CUST_04411,8,3,206.31,4,3,1,8,Loyal Customers
CUST_04412,289,2,3728.2,1,2,3,6,Potential Loyalists
CUST_04413,368,1,2017.9,1,1,2,4,At Risk
CUST_04414,10,5,8098.530000000001,4,4,4,12,Champions
CUST_04415,278,3,1275.3899999999999,1,3,2,6,Potential Loyalists
CUST_04416,331,1,621.73,1,1,1,3,Needs Attention
CUST_04417,26,4,2377.77,4,3,2,9,Loyal Customers
CUST_04418,152,2,1495.4099999999999,2,2,2,6,Potential Loyalists
CUST_04419,29,6,13601.52,4,4,4,12,Champions
CUST_04420,406,1,50.28,1,1,1,3,Needs Attention
CUST_04421,283,3,15718.400000000001,1,3,4,8,Loyal Customers
CUST_04422,99,2,2165.6,2,2,2,6,Potential Loyalists
CUST_04423,24,6,10133.25,4,4,4,12,Champions
CUST_04424,7,3,7855.46,4,3,4,11,Champions
CUST_04425,176,5,8435.03,2,4,4,10,Champions
CUST_04426,15,2,5785.64,4,2,3,9,Loyal Customers
CUST_04427,298,2,816.24,1,2,1,4,At Risk
CUST_04428,86,5,5428.400000000001,3,4,3,10,Champions
CUST_04429,151,2,358.02,2,2,1,5,At Risk
CUST_04430,16,6,19309.51,4,4,4,12,Champions
CUST_04431,248,2,843.79,1,2,1,4,At Risk
CUST_04432,186,7,16205.99,1,4,4,9,Loyal Customers
CUST_04433,209,3,4251.59,1,3,3,7,Potential Loyalists
CUST_04434,355,3,906.32,1,3,2,6,Potential Loyalists
CUST_04435,19,6,2689.98,4,4,3,11,Champions
CUST_04436,2,4,3608.52,4,3,3,10,Champions
CUST_04437,7,6,3209.2200000000003,4,4,3,11,Champions
CUST_04438,13,8,7529.49,4,4,4,12,Champions
CUST_04439,54,3,2781.41,3,3,3,9,Loyal Customers
CUST_04440,27,9,10993.42,4,4,4,12,Champions
CUST_04441,56,1,118.2,3,1,1,5,At Risk
CUST_04442,21,1,78.32,4,1,1,6,Potential Loyalists
CUST_04443,67,4,8574.3,3,3,4,10,Champions
CUST_04444,39,2,673.25,3,2,1,6,Potential Loyalists
CUST_04445,2,3,988.46,4,3,2,9,Loyal Customers
CUST_04446,12,1,241.38,4,1,1,6,Potential Loyalists
CUST_04447,11,4,946.0699999999999,4,3,2,9,Loyal Customers
CUST_04448,332,1,107.68,1,1,1,3,Needs Attention
CUST_04449,1,5,5612.34,4,4,3,11,Champions
CUST_04450,211,4,7266.95,1,3,4,8,Loyal Customers
CUST_04451,398,1,630.87,1,1,1,3,Needs Attention
CUST_04452,4,5,5624.11,4,4,3,11,Champions
CUST_04453,211,4,3288.16,1,3,3,7,Potential Loyalists
CUST_04454,4,7,4278.85,4,4,3,11,Champions
CUST_04455,198,3,7885.6,1,3,4,8,Loyal Customers
CUST_04456,195,6,2110.59,1,4,2,7,Potential Loyalists
CUST_04457,60,2,1665.81,3,2,2,7,Potential Loyalists
CUST_04458,154,1,229.36,2,1,1,4,At Risk
CUST_04459,22,9,7157.639999999999,4,4,4,12,Champions
CUST_04460,104,4,1812.04,2,3,2,7,Potential Loyalists
CUST_04461,39,3,4777.84,3,3,3,9,Loyal Customers
CUST_04462,220,2,4367.15,1,2,3,6,Potential Loyalists
CUST_04463,250,2,925.9,1,2,2,5,At Risk
CUST_04464,108,3,5656.639999999999,2,3,3,8,Loyal Customers
CUST_04465,113,3,14243.57,2,3,4,9,Loyal Customers
CUST_04466,300,1,68.06,1,1,1,3,Needs Attention
CUST_04467,150,6,17233.780000000002,2,4,4,10,Champions
CUST_04468,107,3,2952.52,2,3,3,8,Loyal Customers
CUST_04469,103,2,4546.7300000000005,2,2,3,7,Potential Loyalists
CUST_04470,69,2,79.11,3,2,1,6,Potential Loyalists
CUST_04471,287,1,532.5,1,1,1,3,Needs Attention
CUST_04472,119,2,628.68,2,2,1,5,At Risk
CUST_04473,270,2,4338.21,1,2,3,6,Potential Loyalists
CUST_04474,10,2,2877.2200000000003,4,2,3,9,Loyal Customers
CUST_04475,77,4,5771.55,3,3,3,9,Loyal Customers
CUST_04476,281,2,17264.68,1,2,4,7,Potential Loyalists
CUST_04477,4,2,2838.6,4,2,3,9,Loyal Customers
CUST_04478,12,10,14219.869999999999,4,4,4,12,Champions
CUST_04479,81,5,4394.07,3,4,3,10,Champions
CUST_04480,38,2,254.96,4,2,1,7,Potential Loyalists
CUST_04481,347,1,710.13,1,1,1,3,Needs Attention
CUST_04482,362,2,1235.61,1,2,2,5,At Risk
CUST_04483,42,2,784.4699999999999,3,2,1,6,Potential Loyalists
CUST_04484,33,3,12860.76,4,3,4,11,Champions
CUST_04485,252,2,3217.1000000000004,1,2,3,6,Potential Loyalists
CUST_04486,246,1,1491.62,1,1,2,4,At Risk
CUST_04487,137,2,2096.41,2,2,2,6,Potential Loyalists
CUST_04488,23,9,20731.030000000002,4,4,4,12,Champions
CUST_04489,162,1,169.1,2,1,1,4,At Risk
CUST_04490,12,8,19406.32,4,4,4,12,Champions
CUST_04491,115,6,4622.06,2,4,3,9,Loyal Customers
CUST_04492,266,4,1735.54,1,3,2,6,Potential Loyalists
CUST_04493,209,1,828.88,1,1,1,3,Needs Attention
CUST_04494,251,3,1281.71,1,3,2,6,Potential Loyalists
CUST_04495,152,2,234.5,2,2,1,5,At Risk
CUST_04496,19,5,4529.839999999999,4,4,3,11,Champions
CUST_04497,8,7,4168.58,4,4,3,11,Champions
CUST_04498,330,2,263.96,1,2,1,4,At Risk
CUST_04499,7,7,10182.67,4,4,4,12,Champions
CUST_04500,175,5,5809.88,2,4,4,10,Champions
CUST_04501,15,5,23380.149999999998,4,4,4,12,Champions
CUST_04502,65,2,10073.75,3,2,4,9,Loyal Customers
CUST_04503,7,7,2901.39,4,4,3,11,Champions
CUST_04504,39,3,12928.51,3,3,4,10,Champions
CUST_04505,124,2,1082.37,2,2,2,6,Potential Loyalists
CUST_04506,12,3,2846.7,4,3,3,10,Champions
CUST_04507,293,5,1727.81,1,4,2,7,Potential Loyalists
CUST_04508,22,3,2106.96,4,3,2,9,Loyal Customers
CUST_04509,103,5,4524.77,2,4,3,9,Loyal Customers
CUST_04510,65,6,4869.3099999999995,3,4,3,10,Champions
CUST_04511,415,1,716.2,1,1,1,3,Needs Attention
CUST_04512,121,3,1503.76,2,3,2,7,Potential Loyalists
CUST_04513,10,10,13927.47,4,4,4,12,Champions
CUST_04514,17,1,123.52,4,1,1,6,Potential Loyalists
CUST_04515,252,2,837.8199999999999,1,2,1,4,At Risk
CUST_04516,276,1,1956.35,1,1,2,4,At Risk
CUST_04517,147,3,6225.969999999999,2,3,4,9,Loyal Customers
CUST_04518,3,7,26498.18,4,4,4,12,Champions
CUST_04519,282,3,8207.95,1,3,4,8,Loyal Customers
CUST_04520,52,2,1776.98,3,2,2,7,Potential Loyalists
CUST_04521,100,2,2621.27,2,2,3,7,Potential Loyalists
CUST_04522,122,4,5535.42,2,3,3,8,Loyal Customers
CUST_04523,18,5,27332.02,4,4,4,12,Champions
CUST_04524,44,6,2733.08,3,4,3,10,Champions
CUST_04525,105,3,8179.08,2,3,4,9,Loyal Customers
CUST_04526,295,1,167.58,1,1,1,3,Needs Attention
CUST_04527,155,1,284.37,2,1,1,4,At Risk
CUST_04528,55,2,346.11,3,2,1,6,Potential Loyalists
CUST_04529,158,4,1939.38,2,3,2,7,Potential Loyalists
CUST_04530,133,2,162.88,2,2,1,5,At Risk
CUST_04531,102,3,964.4100000000001,2,3,2,7,Potential Loyalists
CUST_04532,241,1,2854.32,1,1,3,5,At Risk
CUST_04533,11,6,8250.25,4,4,4,12,Champions
CUST_04534,18,3,1045.11,4,3,2,9,Loyal Customers
CUST_04535,23,6,5913.889999999999,4,4,4,12,Champions
CUST_04536,60,5,6520.21,3,4,4,11,Champions
CUST_04537,116,10,5331.25,2,4,3,9,Loyal Customers
CUST_04538,100,1,327.35,2,1,1,4,At Risk
CUST_04539,123,1,142.77,2,1,1,4,At Risk
CUST_04540,334,2,2515.3599999999997,1,2,3,6,Potential Loyalists
CUST_04541,185,1,1308.99,1,1,2,4,At Risk
CUST_04542,52,2,7476.3099999999995,3,2,4,9,Loyal Customers
CUST_04543,134,5,3849.79,2,4,3,9,Loyal Customers
CUST_04544,237,4,4787.09,1,3,3,7,Potential Loyalists
CUST_04545,29,7,14811.830000000002,4,4,4,12,Champions
CUST_04546,82,5,3806.0200000000004,3,4,3,10,Champions
CUST_04547,365,2,813.9,1,2,1,4,At Risk
CUST_04548,215,2,6180.1900000000005,1,2,4,7,Potential Loyalists
CUST_04549,9,5,7941.23,4,4,4,12,Champions
CUST_04550,42,2,1004.47,3,2,2,7,Potential Loyalists
CUST_04551,275,3,2508.1800000000003,1,3,3,7,Potential Loyalists
CUST_04552,323,2,1290.94,1,2,2,5,At Risk
CUST_04553,69,2,296.71,3,2,1,6,Potential Loyalists
CUST_04554,60,4,2400.69,3,3,2,8,Loyal Customers
CUST_04555,198,2,1363.62,1,2,2,5,At Risk
CUST_04556,17,2,659.92,4,2,1,7,Potential Loyalists
CUST_04557,215,1,991.51,1,1,2,4,At Risk
CUST_04558,8,6,2919.6299999999997,4,4,3,11,Champions
CUST_04559,111,4,2182.08,2,3,2,7,Potential Loyalists
CUST_04560,8,1,6980.05,4,1,4,9,Loyal Customers
CUST_04561,384,1,64.02,1,1,1,3,Needs Attention
CUST_04562,11,5,579.64,4,4,1,9,Loyal Customers
CUST_04563,138,4,15219.269999999999,2,3,4,9,Loyal Customers
CUST_04564,92,3,8300.56,3,3,4,10,Champions
CUST_04565,113,3,3414.81,2,3,3,8,Loyal Customers
CUST_04566,37,1,456.77,4,1,1,6,Potential Loyalists
CUST_04567,98,5,6246.51,2,4,4,10,Champions
CUST_04568,116,3,2747.97,2,3,3,8,Loyal Customers
CUST_04569,48,10,12803.720000000001,3,4,4,11,Champions
CUST_04570,386,2,9356.01,1,2,4,7,Potential Loyalists
CUST_04571,31,3,2423.48,4,3,2,9,Loyal Customers
CUST_04572,124,3,3850.9,2,3,3,8,Loyal Customers
CUST_04573,162,1,146.72,2,1,1,4,At Risk
CUST_04574,199,2,6622.179999999999,1,2,4,7,Potential Loyalists
CUST_04575,180,7,2661.63,2,4,3,9,Loyal Customers
CUST_04576,251,2,312.94,1,2,1,4,At Risk
CUST_04577,271,2,1776.18,1,2,2,5,At Risk
CUST_04578,374,1,376.71,1,1,1,3,Needs Attention
CUST_04579,15,2,359.04,4,2,1,7,Potential Loyalists
CUST_04580,116,3,9559.7,2,3,4,9,Loyal Customers
CUST_04581,293,2,1174.47,1,2,2,5,At Risk
CUST_04582,257,2,8556.539999999999,1,2,4,7,Potential Loyalists
CUST_04583,102,2,3225.81,2,2,3,7,Potential Loyalists
CUST_04584,192,2,192.15,1,2,1,4,At Risk
CUST_04585,47,2,2324.58,3,2,2,7,Potential Loyalists
CUST_04586,117,7,9015.859999999999,2,4,4,10,Champions
CUST_04587,108,6,2076.2,2,4,2,8,Loyal Customers
CUST_04588,166,4,4434.28,2,3,3,8,Loyal Customers
CUST_04589,318,2,4955.29,1,2,3,6,Potential Loyalists
CUST_04590,162,2,1028.8799999999999,2,2,2,6,Potential Loyalists
CUST_04591,141,6,4498.47,2,4,3,9,Loyal Customers
CUST_04592,131,3,5837.43,2,3,4,9,Loyal Customers
CUST_04593,258,2,1358.12,1,2,2,5,At Risk
CUST_04594,17,6,8709.119999999999,4,4,4,12,Champions
CUST_04595,114,3,3930.97,2,3,3,8,Loyal Customers
CUST_04596,344,2,1747.6599999999999,1,2,2,5,At Risk
CUST_04597,12,3,3880.8199999999997,4,3,3,10,Champions
CUST_04598,82,4,4943.55,3,3,3,9,Loyal Customers
CUST_04599,16,5,3239.4700000000003,4,4,3,11,Champions
CUST_04600,59,1,176.0,3,1,1,5,At Risk
CUST_04601,67,3,4936.29,3,3,3,9,Loyal Customers
CUST_04602,69,2,1209.34,3,2,2,7,Potential Loyalists
CUST_04603,255,2,449.24,1,2,1,4,At Risk
CUST_04604,182,2,1085.79,2,2,2,6,Potential Loyalists
CUST_04605,255,1,107.1,1,1,1,3,Needs Attention
CUST_04606,179,4,4350.4,2,3,3,8,Loyal Customers
CUST_04607,87,3,11555.130000000001,3,3,4,10,Champions
CUST_04608,187,2,1098.3100000000002,1,2,2,5,At Risk
CUST_04609,9,6,18310.88,4,4,4,12,Champions
CUST_04610,64,2,4137.32,3,2,3,8,Loyal Customers
CUST_04611,98,3,3292.7,2,3,3,8,Loyal Customers
CUST_04612,38,3,1462.85,4,3,2,9,Loyal Customers
CUST_04613,181,4,5464.5,2,3,3,8,Loyal Customers
CUST_04614,239,3,11385.11,1,3,4,8,Loyal Customers
CUST_04615,416,1,734.5,1,1,1,3,Needs Attention
CUST_04616,20,7,4319.64,4,4,3,11,Champions
CUST_04617,51,4,10123.11,3,3,4,10,Champions
CUST_04618,12,4,3237.4100000000003,4,3,3,10,Champions
CUST_04619,42,3,5181.66,3,3,3,9,Loyal Customers
CUST_04620,61,3,440.01,3,3,1,7,Potential Loyalists
CUST_04621,94,3,3194.38,2,3,3,8,Loyal Customers
CUST_04622,350,2,905.24,1,2,2,5,At Risk
CUST_04623,66,4,18374.63,3,3,4,10,Champions
CUST_04624,148,3,3500.35,2,3,3,8,Loyal Customers
CUST_04625,73,3,1208.04,3,3,2,8,Loyal Customers
CUST_04626,124,3,4899.16,2,3,3,8,Loyal Customers
CUST_04627,124,5,3818.86,2,4,3,9,Loyal Customers
CUST_04628,443,1,1802.8,1,1,2,4,At Risk
CUST_04629,199,3,2215.24,1,3,2,6,Potential Loyalists
CUST_04630,35,1,993.21,4,1,2,7,Potential Loyalists
CUST_04631,186,3,1158.1200000000001,1,3,2,6,Potential Loyalists
CUST_04632,100,4,2912.74,2,3,3,8,Loyal Customers
CUST_04633,117,2,186.28,2,2,1,5,At Risk
CUST_04634,143,4,1414.77,2,3,2,7,Potential Loyalists
CUST_04635,229,3,1758.21,1,3,2,6,Potential Loyalists
CUST_04636,229,1,383.67,1,1,1,3,Needs Attention
CUST_04637,123,1,528.58,2,1,1,4,At Risk
CUST_04638,50,3,841.2299999999999,3,3,1,7,Potential Loyalists
CUST_04639,152,7,4841.77,2,4,3,9,Loyal Customers
CUST_04640,63,4,1685.9,3,3,2,8,Loyal Customers
CUST_04641,13,4,1641.5,4,3,2,9,Loyal Customers
CUST_04642,39,3,4796.29,3,3,3,9,Loyal Customers
CUST_04643,124,6,30547.130000000005,2,4,4,10,Champions
CUST_04644,213,1,592.85,1,1,1,3,Needs Attention
CUST_04645,88,2,1421.22,3,2,2,7,Potential Loyalists
CUST_04646,20,2,549.3299999999999,4,2,1,7,Potential Loyalists
CUST_04647,113,7,3515.9,2,4,3,9,Loyal Customers
CUST_04648,92,5,6512.94,3,4,4,11,Champions
CUST_04649,155,1,2130.57,2,1,2,5,At Risk
CUST_04650,357,1,2322.71,1,1,2,4,At Risk
CUST_04651,80,3,3174.49,3,3,3,9,Loyal Customers
CUST_04652,96,4,8951.16,2,3,4,9,Loyal Customers
CUST_04653,71,4,13578.259999999998,3,3,4,10,Champions
CUST_04654,19,3,356.46999999999997,4,3,1,8,Loyal Customers
CUST_04655,148,5,9476.06,2,4,4,10,Champions
CUST_04656,101,3,1656.9899999999998,2,3,2,7,Potential Loyalists
CUST_04657,32,7,5179.64,4,4,3,11,Champions
CUST_04658,147,6,6773.34,2,4,4,10,Champions
CUST_04659,11,2,538.77,4,2,1,7,Potential Loyalists
CUST_04660,55,2,2081.35,3,2,2,7,Potential Loyalists
CUST_04661,143,3,6316.32,2,3,4,9,Loyal Customers
CUST_04662,92,3,6202.67,3,3,4,10,Champions
CUST_04663,116,2,753.4599999999999,2,2,1,5,At Risk
CUST_04664,268,1,547.07,1,1,1,3,Needs Attention
CUST_04665,53,4,3754.7599999999998,3,3,3,9,Loyal Customers
CUST_04666,155,5,6770.8,2,4,4,10,Champions
CUST_04667,2,8,5481.21,4,4,3,11,Champions
CUST_04668,188,2,841.81,1,2,1,4,At Risk
CUST_04669,124,5,6215.86,2,4,4,10,Champions
CUST_04670,89,2,1821.4299999999998,3,2,2,7,Potential Loyalists
CUST_04671,54,5,3858.44,3,4,3,10,Champions
CUST_04672,58,5,22660.829999999998,3,4,4,11,Champions
CUST_04673,81,3,4323.61,3,3,3,9,Loyal Customers
CUST_04674,120,2,4632.179999999999,2,2,3,7,Potential Loyalists
CUST_04675,171,5,1254.05,2,4,2,8,Loyal Customers
CUST_04676,139,2,351.87,2,2,1,5,At Risk
CUST_04677,23,4,2090.32,4,3,2,9,Loyal Customers
CUST_04678,36,5,5420.44,4,4,3,11,Champions
CUST_04679,334,1,120.24,1,1,1,3,Needs Attention
CUST_04680,115,4,1930.77,2,3,2,7,Potential Loyalists
CUST_04681,260,4,492.01,1,3,1,5,At Risk
CUST_04682,17,7,4015.8900000000003,4,4,3,11,Champions
CUST_04683,221,2,1910.63,1,2,2,5,At Risk
CUST_04684,110,1,324.92,2,1,1,4,At Risk
CUST_04685,144,5,7256.05,2,4,4,10,Champions
CUST_04686,422,1,79.66,1,1,1,3,Needs Attention
CUST_04687,93,3,1924.9199999999998,3,3,2,8,Loyal Customers
CUST_04688,2,8,5191.77,4,4,3,11,Champions
CUST_04689,378,2,1186.18,1,2,2,5,At Risk
CUST_04690,86,8,14634.87,3,4,4,11,Champions
CUST_04691,46,3,4090.21,3,3,3,9,Loyal Customers
CUST_04692,50,4,2520.44,3,3,3,9,Loyal Customers
CUST_04693,437,1,1838.82,1,1,2,4,At Risk
CUST_04694,338,1,502.89,1,1,1,3,Needs Attention
CUST_04695,4,7,3370.75,4,4,3,11,Champions
CUST_04696,47,4,6636.93,3,3,4,10,Champions
CUST_04697,6,4,7818.25,4,3,4,11,Champions
CUST_04698,100,1,330.3,2,1,1,4,At Risk
CUST_04699,31,6,11268.390000000001,4,4,4,12,Champions
CUST_04700,122,2,323.61,2,2,1,5,At Risk
CUST_04701,6,7,32325.67,4,4,4,12,Champions
CUST_04702,368,2,292.46,1,2,1,4,At Risk
CUST_04703,73,2,24215.56,3,2,4,9,Loyal Customers
CUST_04704,99,7,12288.13,2,4,4,10,Champions
CUST_04705,430,2,3675.4300000000003,1,2,3,6,Potential Loyalists
CUST_04706,96,5,10478.150000000001,2,4,4,10,Champions
CUST_04707,76,3,1183.1799999999998,3,3,2,8,Loyal Customers
CUST_04708,156,3,1356.19,2,3,2,7,Potential Loyalists
CUST_04709,296,4,2225.3599999999997,1,3,2,6,Potential Loyalists
CUST_04710,99,7,12359.970000000001,2,4,4,10,Champions
CUST_04711,428,2,809.26,1,2,1,4,At Risk
CUST_04712,23,7,13592.089999999998,4,4,4,12,Champions
CUST_04713,31,2,1568.7,4,2,2,8,Loyal Customers
CUST_04714,67,2,1451.19,3,2,2,7,Potential Loyalists
CUST_04715,39,5,4495.349999999999,3,4,3,10,Champions
CUST_04716,97,5,1323.44,2,4,2,8,Loyal Customers
CUST_04717,46,10,10076.79,3,4,4,11,Champions
CUST_04718,47,3,1254.82,3,3,2,8,Loyal Customers
CUST_04719,200,3,7533.99,1,3,4,8,Loyal Customers
CUST_04720,256,2,866.8199999999999,1,2,1,4,At Risk
CUST_04721,2,8,4701.76,4,4,3,11,Champions
CUST_04722,98,4,3717.74,2,3,3,8,Loyal Customers
CUST_04723,255,3,5868.56,1,3,4,8,Loyal Customers
CUST_04724,67,8,8232.1,3,4,4,11,Champions
CUST_04725,17,7,8435.47,4,4,4,12,Champions
CUST_04726,193,2,10223.26,1,2,4,7,Potential Loyalists
CUST_04727,2,2,2682.92,4,2,3,9,Loyal Customers
CUST_04728,75,3,10462.119999999999,3,3,4,10,Champions
CUST_04729,205,1,1991.83,1,1,2,4,At Risk
CUST_04730,103,3,1801.6100000000001,2,3,2,7,Potential Loyalists
CUST_04731,96,2,3356.3300000000004,2,2,3,7,Potential Loyalists
CUST_04732,88,9,9337.74,3,4,4,11,Champions
CUST_04733,136,1,1901.65,2,1,2,5,At Risk
CUST_04734,42,4,3818.6499999999996,3,3,3,9,Loyal Customers
CUST_04735,392,1,828.99,1,1,1,3,Needs Attention
CUST_04736,138,4,2132.74,2,3,2,7,Potential Loyalists
CUST_04737,142,5,7911.54,2,4,4,10,Champions
CUST_04738,116,2,2316.13,2,2,2,6,Potential Loyalists
CUST_04739,19,3,759.69,4,3,1,8,Loyal Customers
CUST_04740,96,3,1176.3400000000001,2,3,2,7,Potential Loyalists
CUST_04741,48,5,1522.25,3,4,2,9,Loyal Customers
CUST_04742,197,2,449.63,1,2,1,4,At Risk
CUST_04743,82,4,3052.2400000000002,3,3,3,9,Loyal Customers
CUST_04744,136,1,32.55,2,1,1,4,At Risk
CUST_04745,193,1,118.65,1,1,1,3,Needs Attention
CUST_04746,129,6,5034.09,2,4,3,9,Loyal Customers
CUST_04747,219,2,2909.14,1,2,3,6,Potential Loyalists
CUST_04748,79,4,5139.24,3,3,3,9,Loyal Customers
CUST_04749,133,5,2746.2000000000003,2,4,3,9,Loyal Customers
CUST_04750,142,3,6146.4400000000005,2,3,4,9,Loyal Customers
CUST_04751,19,3,2808.48,4,3,3,10,Champions
CUST_04752,73,7,1627.8,3,4,2,9,Loyal Customers
CUST_04753,33,4,4818.43,4,3,3,10,Champions
CUST_04754,12,4,2336.17,4,3,2,9,Loyal Customers
CUST_04755,9,6,18128.78,4,4,4,12,Champions
CUST_04756,41,2,12276.42,3,2,4,9,Loyal Customers
CUST_04757,374,2,1063.56,1,2,2,5,At Risk
CUST_04758,19,3,2911.6800000000003,4,3,3,10,Champions
CUST_04759,285,5,3146.3100000000004,1,4,3,8,Loyal Customers
CUST_04760,34,6,7775.339999999999,4,4,4,12,Champions
CUST_04761,93,6,16620.190000000002,3,4,4,11,Champions
CUST_04762,129,3,3901.6,2,3,3,8,Loyal Customers
CUST_04763,151,3,6204.28,2,3,4,9,Loyal Customers
CUST_04764,270,6,1948.31,1,4,2,7,Potential Loyalists
CUST_04765,10,5,11068.41,4,4,4,12,Champions
CUST_04766,28,6,20127.100000000002,4,4,4,12,Champions
CUST_04767,48,8,13430.669999999998,3,4,4,11,Champions
CUST_04768,71,3,685.36,3,3,1,7,Potential Loyalists
CUST_04769,352,2,2698.85,1,2,3,6,Potential Loyalists
CUST_04770,141,3,1993.0800000000002,2,3,2,7,Potential Loyalists
CUST_04771,221,3,670.4,1,3,1,5,At Risk
CUST_04772,2,5,764.39,4,4,1,9,Loyal Customers
CUST_04773,440,1,230.95,1,1,1,3,Needs Attention
CUST_04774,14,5,3580.55,4,4,3,11,Champions
CUST_04775,37,3,3178.3399999999997,4,3,3,10,Champions
CUST_04776,77,5,3370.0,3,4,3,10,Champions
CUST_04777,76,9,1455.44,3,4,2,9,Loyal Customers
CUST_04778,5,3,12584.08,4,3,4,11,Champions
CUST_04779,164,3,6306.54,2,3,4,9,Loyal Customers
CUST_04780,384,1,482.02,1,1,1,3,Needs Attention
CUST_04781,425,1,1803.9,1,1,2,4,At Risk
CUST_04782,80,4,4053.8199999999997,3,3,3,9,Loyal Customers
CUST_04783,86,5,2617.42,3,4,3,10,Champions
CUST_04784,260,1,1131.33,1,1,2,4,At Risk
CUST_04785,77,3,3819.78,3,3,3,9,Loyal Customers
CUST_04786,285,1,2882.32,1,1,3,5,At Risk
CUST_04787,59,7,11360.0,3,4,4,11,Champions
CUST_04788,76,2,1252.31,3,2,2,7,Potential Loyalists
CUST_04789,138,4,2047.5,2,3,2,7,Potential Loyalists
CUST_04790,47,1,609.09,3,1,1,5,At Risk
CUST_04791,84,2,2918.45,3,2,3,8,Loyal Customers
CUST_04792,153,4,4745.14,2,3,3,8,Loyal Customers
CUST_04793,137,6,2443.74,2,4,2,8,Loyal Customers
CUST_04794,3,10,23646.45,4,4,4,12,Champions
CUST_04795,284,3,4857.259999999999,1,3,3,7,Potential Loyalists
CUST_04796,151,1,47.44,2,1,1,4,At Risk
CUST_04797,92,8,5167.39,3,4,3,10,Champions
CUST_04798,19,10,25990.4,4,4,4,12,Champions
CUST_04799,30,10,4297.73,4,4,3,11,Champions
CUST_04800,8,6,23133.71,4,4,4,12,Champions
CUST_04801,237,1,1028.61,1,1,2,4,At Risk
CUST_04802,125,3,934.93,2,3,2,7,Potential Loyalists
CUST_04803,6,4,2812.1,4,3,3,10,Champions
CUST_04804,300,1,99.12,1,1,1,3,Needs Attention
CUST_04805,24,3,2498.07,4,3,3,10,Champions
CUST_04806,45,3,2005.23,3,3,2,8,Loyal Customers
CUST_04807,46,2,2185.4900000000002,3,2,2,7,Potential Loyalists
CUST_04808,327,1,483.95,1,1,1,3,Needs Attention
CUST_04809,94,2,355.45,2,2,1,5,At Risk
CUST_04810,329,3,1700.46,1,3,2,6,Potential Loyalists
CUST_04811,206,3,1421.84,1,3,2,6,Potential Loyalists
CUST_04812,71,5,1350.61,3,4,2,9,Loyal Customers
CUST_04813,171,2,1801.0700000000002,2,2,2,6,Potential Loyalists
CUST_04814,274,1,996.3,1,1,2,4,At Risk
CUST_04815,249,3,559.3,1,3,1,5,At Risk
CUST_04816,47,2,2023.84,3,2,2,7,Potential Loyalists
CUST_04817,149,6,16344.759999999998,2,4,4,10,Champions
CUST_04818,228,4,1317.78,1,3,2,6,Potential Loyalists
CUST_04819,22,3,5724.0599999999995,4,3,3,10,Champions
CUST_04820,179,2,358.64,2,2,1,5,At Risk
CUST_04821,56,3,8411.92,3,3,4,10,Champions
CUST_04822,341,2,2890.25,1,2,3,6,Potential Loyalists
CUST_04823,32,2,1126.1,4,2,2,8,Loyal Customers
CUST_04824,82,7,4916.96,3,4,3,10,Champions
CUST_04825,73,3,530.91,3,3,1,7,Potential Loyalists
CUST_04826,35,2,1593.19,4,2,2,8,Loyal Customers
CUST_04827,4,3,5202.43,4,3,3,10,Champions
CUST_04828,46,6,1962.84,3,4,2,9,Loyal Customers
CUST_04829,198,2,672.6,1,2,1,4,At Risk
CUST_04830,252,4,3215.69,1,3,3,7,Potential Loyalists
CUST_04831,221,2,533.53,1,2,1,4,At Risk
CUST_04832,34,5,1514.76,4,4,2,10,Champions
CUST_04833,59,10,7063.599999999999,3,4,4,11,Champions
CUST_04834,225,2,775.98,1,2,1,4,At Risk
CUST_04835,105,4,989.42,2,3,2,7,Potential Loyalists
CUST_04836,8,9,10928.220000000001,4,4,4,12,Champions
CUST_04837,47,5,1292.41,3,4,2,9,Loyal Customers
CUST_04838,11,5,3546.3300000000004,4,4,3,11,Champions
CUST_04839,195,5,6724.43,1,4,4,9,Loyal Customers
CUST_04840,33,3,5032.629999999999,4,3,3,10,Champions
CUST_04841,11,2,3134.91,4,2,3,9,Loyal Customers
CUST_04842,94,2,417.55,2,2,1,5,At Risk
CUST_04843,1,5,2032.23,4,4,2,10,Champions
CUST_04844,302,1,389.01,1,1,1,3,Needs Attention
CUST_04845,10,4,5758.73,4,3,3,10,Champions
CUST_04846,15,4,1599.19,4,3,2,9,Loyal Customers
CUST_04847,23,7,6244.95,4,4,4,12,Champions
CUST_04848,271,2,701.5500000000001,1,2,1,4,At Risk
CUST_04849,6,2,2422.78,4,2,2,8,Loyal Customers
CUST_04850,65,4,1343.29,3,3,2,8,Loyal Customers
CUST_04851,449,1,551.05,1,1,1,3,Needs Attention
CUST_04852,51,9,15397.42,3,4,4,11,Champions
CUST_04853,277,2,13202.7,1,2,4,7,Potential Loyalists
CUST_04854,93,2,1117.89,3,2,2,7,Potential Loyalists
CUST_04855,59,7,5724.8099999999995,3,4,3,10,Champions
CUST_04856,186,4,1493.0600000000002,1,3,2,6,Potential Loyalists
CUST_04857,172,2,4071.69,2,2,3,7,Potential Loyalists
CUST_04858,83,5,3360.85,3,4,3,10,Champions
CUST_04859,182,3,5778.07,2,3,3,8,Loyal Customers
CUST_04860,140,8,2614.9300000000003,2,4,3,9,Loyal Customers
CUST_04861,22,5,3317.8,4,4,3,11,Champions
CUST_04862,161,4,4511.78,2,3,3,8,Loyal Customers
CUST_04863,18,4,1888.2399999999998,4,3,2,9,Loyal Customers
CUST_04864,57,2,12452.09,3,2,4,9,Loyal Customers
CUST_04865,175,1,5599.85,2,1,3,6,Potential Loyalists
CUST_04866,20,3,9874.82,4,3,4,11,Champions
CUST_04867,135,3,5575.08,2,3,3,8,Loyal Customers
CUST_04868,98,1,85.97,2,1,1,4,At Risk
CUST_04869,57,3,4077.0600000000004,3,3,3,9,Loyal Customers
CUST_04870,102,4,8649.67,2,3,4,9,Loyal Customers
CUST_04871,209,5,6682.19,1,4,4,9,Loyal Customers
CUST_04872,361,3,5247.1,1,3,3,7,Potential Loyalists
CUST_04873,27,8,11587.92,4,4,4,12,Champions
CUST_04874,77,3,965.2,3,3,2,8,Loyal Customers
CUST_04875,28,5,4277.6,4,4,3,11,Champions
CUST_04876,284,3,3583.51,1,3,3,7,Potential Loyalists
CUST_04877,48,6,8379.69,3,4,4,11,Champions
CUST_04878,79,1,4545.6,3,1,3,7,Potential Loyalists
CUST_04879,125,3,1722.1999999999998,2,3,2,7,Potential Loyalists
CUST_04880,120,5,11367.67,2,4,4,10,Champions
CUST_04881,312,3,1348.73,1,3,2,6,Potential Loyalists
CUST_04882,283,2,1844.12,1,2,2,5,At Risk
CUST_04883,338,1,213.21,1,1,1,3,Needs Attention
CUST_04884,131,2,2231.79,2,2,2,6,Potential Loyalists
CUST_04885,76,2,6484.5,3,2,4,9,Loyal Customers
CUST_04886,439,1,92.24,1,1,1,3,Needs Attention
CUST_04887,94,4,3734.8,2,3,3,8,Loyal Customers
CUST_04888,231,1,561.61,1,1,1,3,Needs Attention
CUST_04889,278,1,626.64,1,1,1,3,Needs Attention
CUST_04890,247,1,82.41,1,1,1,3,Needs Attention
CUST_04891,118,2,1520.06,2,2,2,6,Potential Loyalists
CUST_04892,167,2,1291.9099999999999,2,2,2,6,Potential Loyalists
CUST_04893,150,3,5325.37,2,3,3,8,Loyal Customers
CUST_04894,123,6,6094.74,2,4,4,10,Champions
CUST_04895,27,3,3187.87,4,3,3,10,Champions
CUST_04896,99,2,2897.56,2,2,3,7,Potential Loyalists
CUST_04897,21,7,17290.579999999998,4,4,4,12,Champions
CUST_04898,27,2,1440.53,4,2,2,8,Loyal Customers
CUST_04899,278,1,2225.7,1,1,2,4,At Risk
CUST_04900,78,5,7554.800000000001,3,4,4,11,Champions
CUST_04901,344,1,33.73,1,1,1,3,Needs Attention
CUST_04902,224,5,17810.16,1,4,4,9,Loyal Customers
CUST_04903,56,2,2136.36,3,2,2,7,Potential Loyalists
CUST_04904,191,3,2066.34,1,3,2,6,Potential Loyalists
CUST_04905,151,3,8488.34,2,3,4,9,Loyal Customers
CUST_04906,447,1,84.42,1,1,1,3,Needs Attention
CUST_04907,128,2,2450.63,2,2,2,6,Potential Loyalists
CUST_04908,10,1,3697.64,4,1,3,8,Loyal Customers
CUST_04909,46,1,1550.15,3,1,2,6,Potential Loyalists
CUST_04910,211,1,608.57,1,1,1,3,Needs Attention
CUST_04911,36,2,481.75,4,2,1,7,Potential Loyalists
CUST_04912,182,1,52.76,2,1,1,4,At Risk
CUST_04913,44,1,259.28,3,1,1,5,At Risk
CUST_04914,83,4,2103.19,3,3,2,8,Loyal Customers
CUST_04915,186,2,4801.76,1,2,3,6,Potential Loyalists
CUST_04916,96,2,99.41,2,2,1,5,At Risk
CUST_04917,427,2,2470.9100000000003,1,2,2,5,At Risk
CUST_04918,19,7,4258.53,4,4,3,11,Champions
CUST_04919,308,1,23.37,1,1,1,3,Needs Attention
CUST_04920,124,1,131.67,2,1,1,4,At Risk
CUST_04921,55,3,7574.349999999999,3,3,4,10,Champions
CUST_04922,345,1,82.68,1,1,1,3,Needs Attention
CUST_04923,152,3,547.74,2,3,1,6,Potential Loyalists
CUST_04924,129,2,589.96,2,2,1,5,At Risk
CUST_04925,19,10,11588.460000000001,4,4,4,12,Champions
CUST_04926,65,3,6774.09,3,3,4,10,Champions
CUST_04927,49,1,750.84,3,1,1,5,At Risk
CUST_04928,11,3,1266.78,4,3,2,9,Loyal Customers
CUST_04929,333,3,801.86,1,3,1,5,At Risk
CUST_04930,53,4,4142.5,3,3,3,9,Loyal Customers
CUST_04931,251,3,727.8299999999999,1,3,1,5,At Risk
CUST_04932,3,4,7770.1,4,3,4,11,Champions
CUST_04933,40,2,938.53,3,2,2,7,Potential Loyalists
CUST_04934,344,1,276.98,1,1,1,3,Needs Attention
CUST_04935,10,3,3318.0,4,3,3,10,Champions
CUST_04936,256,3,3413.2599999999998,1,3,3,7,Potential Loyalists
CUST_04937,379,2,726.63,1,2,1,4,At Risk
CUST_04938,8,10,22313.82,4,4,4,12,Champions
CUST_04939,85,2,1409.08,3,2,2,7,Potential Loyalists
CUST_04940,218,2,19852.050000000003,1,2,4,7,Potential Loyalists
CUST_04941,115,3,3719.34,2,3,3,8,Loyal Customers
CUST_04942,88,3,1980.74,3,3,2,8,Loyal Customers
CUST_04943,4,8,11925.28,4,4,4,12,Champions
CUST_04944,37,3,5710.46,4,3,3,10,Champions
CUST_04945,83,3,1542.44,3,3,2,8,Loyal Customers
CUST_04946,150,2,271.4,2,2,1,5,At Risk
CUST_04947,324,1,575.93,1,1,1,3,Needs Attention
CUST_04948,122,5,13361.13,2,4,4,10,Champions
CUST_04949,35,5,4413.16,4,4,3,11,Champions
CUST_04950,285,2,879.01,1,2,1,4,At Risk
CUST_04951,41,2,4486.28,3,2,3,8,Loyal Customers
CUST_04952,163,2,987.8000000000001,2,2,2,6,Potential Loyalists
CUST_04953,35,3,725.1,4,3,1,8,Loyal Customers
CUST_04954,15,2,2571.1,4,2,3,9,Loyal Customers
CUST_04955,276,2,1233.46,1,2,2,5,At Risk
CUST_04956,60,4,1434.4,3,3,2,8,Loyal Customers
CUST_04957,300,1,219.21,1,1,1,3,Needs Attention
CUST_04958,50,2,1000.33,3,2,2,7,Potential Loyalists
CUST_04959,71,5,2123.24,3,4,2,9,Loyal Customers
CUST_04960,35,2,8958.099999999999,4,2,4,10,Champions
CUST_04961,132,5,3340.59,2,4,3,9,Loyal Customers
CUST_04962,15,6,3916.22,4,4,3,11,Champions
CUST_04963,38,4,1702.81,4,3,2,9,Loyal Customers
CUST_04964,16,3,1655.87,4,3,2,9,Loyal Customers
CUST_04965,41,6,4115.38,3,4,3,10,Champions
CUST_04966,41,1,1510.24,3,1,2,6,Potential Loyalists
CUST_04967,191,3,1237.03,1,3,2,6,Potential Loyalists
CUST_04968,129,2,570.77,2,2,1,5,At Risk
CUST_04969,256,2,289.14,1,2,1,4,At Risk
CUST_04970,69,1,428.24,3,1,1,5,At Risk
CUST_04971,30,6,24482.13,4,4,4,12,Champions
CUST_04972,324,1,118.71,1,1,1,3,Needs Attention
CUST_04973,17,4,5501.85,4,3,3,10,Champions
CUST_04974,144,5,21501.28,2,4,4,10,Champions
CUST_04975,52,3,26381.210000000003,3,3,4,10,Champions
CUST_04976,42,4,7387.31,3,3,4,10,Champions
CUST_04977,24,1,8943.12,4,1,4,9,Loyal Customers
CUST_04978,115,1,968.34,2,1,2,5,At Risk
CUST_04979,31,6,3668.05,4,4,3,11,Champions
CUST_04980,113,3,412.56,2,3,1,6,Potential Loyalists
CUST_04981,196,2,2314.0,1,2,2,5,At Risk
CUST_04982,115,2,1574.26,2,2,2,6,Potential Loyalists
CUST_04983,171,3,3725.8799999999997,2,3,3,8,Loyal Customers
CUST_04984,129,3,1386.0800000000002,2,3,2,7,Potential Loyalists
CUST_04985,16,7,2999.17,4,4,3,11,Champions
CUST_04986,31,3,1504.53,4,3,2,9,Loyal Customers
CUST_04987,157,1,1609.28,2,1,2,5,At Risk
CUST_04988,138,1,54.35,2,1,1,4,At Risk
CUST_04989,43,4,5613.5,3,3,3,9,Loyal Customers
CUST_04990,134,3,12193.630000000001,2,3,4,9,Loyal Customers
CUST_04991,129,3,943.0799999999999,2,3,2,7,Potential Loyalists
CUST_04992,47,2,8171.07,3,2,4,9,Loyal Customers
CUST_04993,9,9,16174.58,4,4,4,12,Champions
CUST_04994,332,3,3125.6800000000003,1,3,3,7,Potential Loyalists
CUST_04995,95,5,1016.1800000000001,2,4,2,8,Loyal Customers
CUST_04996,33,4,3001.96,4,3,3,10,Champions
CUST_04997,150,4,15440.42,2,3,4,9,Loyal Customers
CUST_04998,334,1,482.9,1,1,1,3,Needs Attention
CUST_04999,70,1,137.3,3,1,1,5,At Risk
CUST_05000,67,4,7282.41,3,3,4,10,Champions
